1930_9.txt,0
6511_7.txt,0
5568_8.txt,0
803_10.txt,0
6133_8.txt,0
903_10.txt,0
6644_10.txt,0
4669_8.txt,0
4451_9.txt,0
662_9.txt,0
9591_10.txt,0
6655_7.txt,0
12166_10.txt,0
3928_7.txt,0
5509_9.txt,0
11087_9.txt,0
12235_8.txt,0
165_7.txt,0
8423_10.txt,0
8517_8.txt,0
6826_7.txt,0
7703_8.txt,0
11970_10.txt,0
10242_8.txt,0
293_10.txt,0
10252_10.txt,0
8616_8.txt,0
3547_7.txt,0
1631_7.txt,0
3196_7.txt,0
1121_7.txt,0
1962_7.txt,0
5635_9.txt,0
5747_7.txt,0
1503_8.txt,0
688_7.txt,0
6730_7.txt,0
11519_7.txt,0
8452_10.txt,0
9242_8.txt,0
7892_10.txt,0
8122_9.txt,0
8531_10.txt,0
9757_10.txt,0
5790_9.txt,0
9106_10.txt,0
1598_10.txt,0
11740_7.txt,0
1376_8.txt,0
9351_7.txt,0
7623_8.txt,0
7666_8.txt,0
6695_7.txt,0
8439_7.txt,0
667_10.txt,0
11677_10.txt,0
12123_7.txt,0
2987_8.txt,0
4266_10.txt,0
1241_7.txt,0
10544_10.txt,0
5510_9.txt,0
3494_9.txt,0
5848_7.txt,0
7072_8.txt,0
7831_8.txt,0
12222_7.txt,0
9053_10.txt,0
6286_10.txt,0
7887_7.txt,0
7357_10.txt,0
2531_9.txt,0
6603_10.txt,0
3822_8.txt,0
742_8.txt,0
10527_10.txt,0
3362_10.txt,0
2408_8.txt,0
2004_10.txt,0
10376_10.txt,0
4099_9.txt,0
11420_7.txt,0
5732_10.txt,0
11925_10.txt,0
12171_9.txt,0
7119_7.txt,0
1743_8.txt,0
5507_7.txt,0
8346_8.txt,0
4193_7.txt,0
81_9.txt,0
9420_7.txt,0
5589_10.txt,0
10074_7.txt,0
1708_7.txt,0
4261_8.txt,0
1157_9.txt,0
9496_8.txt,0
2353_7.txt,0
4292_7.txt,0
6849_8.txt,0
3526_7.txt,0
949_8.txt,0
4830_7.txt,0
9295_10.txt,0
1127_10.txt,0
5451_8.txt,0
2902_8.txt,0
3947_8.txt,0
9362_9.txt,0
7490_7.txt,0
590_7.txt,0
1514_7.txt,0
10897_10.txt,0
3983_10.txt,0
10194_7.txt,0
9585_7.txt,0
2952_10.txt,0
629_7.txt,0
10997_10.txt,0
1136_8.txt,0
5641_7.txt,0
11411_8.txt,0
5733_9.txt,0
5999_8.txt,0
4290_7.txt,0
3780_7.txt,0
5540_7.txt,0
5505_7.txt,0
3050_7.txt,0
2167_9.txt,0
10079_10.txt,0
4228_7.txt,0
3472_8.txt,0
858_7.txt,0
8950_7.txt,0
8915_7.txt,0
7492_7.txt,0
945_7.txt,0
1182_7.txt,0
5696_9.txt,0
11926_8.txt,0
1516_7.txt,0
8047_10.txt,0
1259_10.txt,0
6725_8.txt,0
6275_9.txt,0
2315_10.txt,0
1617_7.txt,0
2881_9.txt,0
10581_10.txt,0
12199_7.txt,0
11270_10.txt,0
11796_10.txt,0
6885_7.txt,0
4613_9.txt,0
1075_9.txt,0
11950_7.txt,0
4483_10.txt,0
3282_8.txt,0
2002_9.txt,0
3933_7.txt,0
7154_10.txt,0
6332_10.txt,0
9019_9.txt,0
8667_10.txt,0
8198_8.txt,0
4018_10.txt,0
11325_9.txt,0
8549_8.txt,0
1014_8.txt,0
7541_8.txt,0
11045_8.txt,0
1473_7.txt,0
4215_7.txt,0
9629_9.txt,0
9205_9.txt,0
5786_10.txt,0
11469_8.txt,0
12378_7.txt,0
210_9.txt,0
10493_10.txt,0
4066_8.txt,0
7355_8.txt,0
256_10.txt,0
11246_10.txt,0
3820_9.txt,0
6640_9.txt,0
8526_7.txt,0
11974_7.txt,0
8751_10.txt,0
6996_9.txt,0
10550_8.txt,0
7001_10.txt,0
6697_7.txt,0
4909_10.txt,0
2465_7.txt,0
7697_7.txt,0
346_7.txt,0
7833_9.txt,0
6699_8.txt,0
3797_8.txt,0
3346_8.txt,0
10443_7.txt,0
8707_7.txt,0
3777_10.txt,0
4884_9.txt,0
9869_7.txt,0
2712_8.txt,0
4148_7.txt,0
837_8.txt,0
4247_8.txt,0
6174_8.txt,0
12256_9.txt,0
2375_7.txt,0
6513_7.txt,0
6981_7.txt,0
7596_10.txt,0
4853_7.txt,0
644_8.txt,0
5468_10.txt,0
12423_9.txt,0
327_10.txt,0
10141_8.txt,0
2223_10.txt,0
11080_10.txt,0
227_10.txt,0
4311_7.txt,0
6824_7.txt,0
11237_10.txt,0
2472_10.txt,0
6861_7.txt,0
12138_7.txt,0
2169_7.txt,0
9999_10.txt,0
1884_7.txt,0
3760_7.txt,0
1416_7.txt,0
8431_8.txt,0
7382_10.txt,0
6031_9.txt,0
12097_10.txt,0
1334_10.txt,0
11321_8.txt,0
4134_7.txt,0
11540_10.txt,0
6108_8.txt,0
11449_8.txt,0
8887_9.txt,0
11881_10.txt,0
6437_7.txt,0
6992_9.txt,0
5390_7.txt,0
9380_9.txt,0
1257_10.txt,0
2638_7.txt,0
4821_8.txt,0
251_8.txt,0
4405_7.txt,0
2956_7.txt,0
7127_10.txt,0
11698_10.txt,0
7390_10.txt,0
8511_8.txt,0
12179_7.txt,0
11338_9.txt,0
9133_7.txt,0
504_8.txt,0
12085_10.txt,0
6679_9.txt,0
12463_10.txt,0
1912_8.txt,0
5857_7.txt,0
11244_8.txt,0
5270_10.txt,0
2163_8.txt,0
11161_9.txt,0
11359_8.txt,0
9096_7.txt,0
10487_7.txt,0
1425_8.txt,0
10359_8.txt,0
11993_10.txt,0
11850_7.txt,0
8890_7.txt,0
9826_8.txt,0
7139_10.txt,0
86_10.txt,0
3112_10.txt,0
1042_7.txt,0
5756_9.txt,0
11260_10.txt,0
10357_7.txt,0
1414_10.txt,0
4593_8.txt,0
6234_8.txt,0
4659_10.txt,0
4108_10.txt,0
11357_7.txt,0
4107_8.txt,0
753_7.txt,0
5525_7.txt,0
2876_7.txt,0
664_9.txt,0
8777_10.txt,0
9828_7.txt,0
3941_8.txt,0
6721_8.txt,0
10543_7.txt,0
5517_10.txt,0
5387_8.txt,0
8954_7.txt,0
11192_7.txt,0
7928_10.txt,0
10922_8.txt,0
4243_9.txt,0
6348_8.txt,0
7135_9.txt,0
10053_10.txt,0
7632_7.txt,0
12427_8.txt,0
3485_7.txt,0
3054_7.txt,0
819_7.txt,0
4772_9.txt,0
7441_9.txt,0
5772_9.txt,0
10874_7.txt,0
12341_7.txt,0
1373_10.txt,0
6111_8.txt,0
12436_10.txt,0
4577_8.txt,0
6295_8.txt,0
12216_10.txt,0
1453_10.txt,0
395_8.txt,0
4110_7.txt,0
4953_7.txt,0
214_9.txt,0
7266_7.txt,0
4676_8.txt,0
5633_8.txt,0
9037_7.txt,0
9874_7.txt,0
2462_10.txt,0
2673_9.txt,0
4211_7.txt,0
6268_8.txt,0
2562_10.txt,0
4918_8.txt,0
9219_10.txt,0
3667_10.txt,0
10098_9.txt,0
10395_10.txt,0
3036_10.txt,0
4915_10.txt,0
3872_10.txt,0
7375_8.txt,0
4051_10.txt,0
2556_8.txt,0
8753_10.txt,0
1597_7.txt,0
9922_8.txt,0
7413_7.txt,0
11006_8.txt,0
3746_7.txt,0
6737_10.txt,0
402_8.txt,0
10424_7.txt,0
1789_7.txt,0
682_9.txt,0
7316_9.txt,0
9753_8.txt,0
665_10.txt,0
3256_10.txt,0
4186_10.txt,0
11760_7.txt,0
10725_7.txt,0
2065_8.txt,0
7297_8.txt,0
7646_8.txt,0
12416_7.txt,0
2428_9.txt,0
10913_7.txt,0
4252_10.txt,0
11716_10.txt,0
426_9.txt,0
8965_8.txt,0
3791_9.txt,0
2232_7.txt,0
983_7.txt,0
1888_9.txt,0
5001_8.txt,0
6841_10.txt,0
2935_7.txt,0
3714_9.txt,0
6045_7.txt,0
7931_9.txt,0
9747_10.txt,0
10504_7.txt,0
4385_8.txt,0
391_10.txt,0
7301_7.txt,0
10501_10.txt,0
5903_9.txt,0
777_10.txt,0
2966_10.txt,0
623_8.txt,0
1179_7.txt,0
2145_8.txt,0
8251_7.txt,0
12343_7.txt,0
6259_7.txt,0
5026_10.txt,0
8461_7.txt,0
4220_8.txt,0
4735_9.txt,0
1021_7.txt,0
9831_10.txt,0
7257_8.txt,0
12064_10.txt,0
1683_9.txt,0
9624_10.txt,0
669_10.txt,0
9493_10.txt,0
11679_10.txt,0
2967_9.txt,0
8213_10.txt,0
11779_10.txt,0
12286_10.txt,0
6408_7.txt,0
8342_9.txt,0
12386_10.txt,0
4471_8.txt,0
4368_10.txt,0
8189_7.txt,0
6360_7.txt,0
9020_10.txt,0
7212_9.txt,0
8612_8.txt,0
5962_9.txt,0
2431_9.txt,0
2058_9.txt,0
9937_7.txt,0
8972_7.txt,0
3881_10.txt,0
609_7.txt,0
1910_8.txt,0
11565_7.txt,0
161_7.txt,0
967_7.txt,0
2745_10.txt,0
6288_10.txt,0
6024_7.txt,0
4882_9.txt,0
11632_10.txt,0
9289_10.txt,0
3874_7.txt,0
8701_7.txt,0
12398_10.txt,0
9824_8.txt,0
6550_7.txt,0
3336_7.txt,0
9712_10.txt,0
8355_7.txt,0
7528_7.txt,0
1909_9.txt,0
12477_7.txt,0
11636_9.txt,0
12432_7.txt,0
7236_10.txt,0
6050_10.txt,0
1381_7.txt,0
1622_9.txt,0
12010_8.txt,0
11094_7.txt,0
8920_9.txt,0
6590_7.txt,0
7104_7.txt,0
12354_8.txt,0
10425_10.txt,0
802_7.txt,0
10692_10.txt,0
11286_8.txt,0
8246_8.txt,0
8697_8.txt,0
487_10.txt,0
1029_10.txt,0
4782_10.txt,0
5866_8.txt,0
8382_9.txt,0
9664_7.txt,0
8237_10.txt,0
2118_10.txt,0
8904_8.txt,0
3321_9.txt,0
5392_7.txt,0
6811_8.txt,0
11972_7.txt,0
4548_10.txt,0
3815_10.txt,0
8077_7.txt,0
5539_7.txt,0
4673_8.txt,0
4036_10.txt,0
11807_8.txt,0
4214_7.txt,0
10239_9.txt,0
5680_7.txt,0
1557_10.txt,0
1457_10.txt,0
11281_9.txt,0
12379_7.txt,0
7129_8.txt,0
11300_8.txt,0
6129_8.txt,0
8757_10.txt,0
3979_8.txt,0
8106_10.txt,0
1534_10.txt,0
11914_7.txt,0
8503_7.txt,0
12420_10.txt,0
5793_8.txt,0
12271_10.txt,0
7832_8.txt,0
10914_7.txt,0
7665_9.txt,0
11409_9.txt,0
1242_7.txt,0
350_10.txt,0
2932_7.txt,0
2134_7.txt,0
9220_8.txt,0
10213_7.txt,0
12120_7.txt,0
1135_8.txt,0
4246_9.txt,0
6130_9.txt,0
5246_9.txt,0
4708_10.txt,0
5833_7.txt,0
3457_9.txt,0
6231_9.txt,0
6795_10.txt,0
11018_9.txt,0
3389_10.txt,0
9694_10.txt,0
11198_10.txt,0
4605_7.txt,0
6369_9.txt,0
1791_10.txt,0
2246_10.txt,0
2857_7.txt,0
10665_10.txt,0
342_10.txt,0
5541_7.txt,0
3014_7.txt,0
6215_8.txt,0
12172_8.txt,0
8988_7.txt,0
9615_8.txt,0
12137_8.txt,0
446_10.txt,0
5852_7.txt,0
1632_7.txt,0
168_8.txt,0
10587_10.txt,0
4743_10.txt,0
294_8.txt,0
3645_7.txt,0
12236_10.txt,0
7893_8.txt,0
8807_9.txt,0
4589_10.txt,0
1585_8.txt,0
10882_9.txt,0
9706_7.txt,0
10018_8.txt,0
558_10.txt,0
1346_7.txt,0
3075_7.txt,0
4848_10.txt,0
4171_10.txt,0
8093_7.txt,0
1420_8.txt,0
5317_10.txt,0
10164_9.txt,0
6557_7.txt,0
9568_10.txt,0
4664_7.txt,0
82_10.txt,0
6512_7.txt,0
4835_10.txt,0
6202_7.txt,0
12052_8.txt,0
3805_8.txt,0
5187_8.txt,0
977_9.txt,0
3765_7.txt,0
1388_8.txt,0
11407_7.txt,0
4067_8.txt,0
7311_8.txt,0
9948_7.txt,0
2864_9.txt,0
2916_7.txt,0
10615_8.txt,0
6853_8.txt,0
5205_10.txt,0
10854_10.txt,0
7484_8.txt,0
5958_9.txt,0
4585_10.txt,0
10930_7.txt,0
1050_9.txt,0
1813_9.txt,0
2784_10.txt,0
3300_8.txt,0
8123_9.txt,0
6830_9.txt,0
2001_8.txt,0
7622_8.txt,0
12015_8.txt,0
345_7.txt,0
12268_9.txt,0
6372_9.txt,0
8350_10.txt,0
8562_10.txt,0
8208_7.txt,0
9155_10.txt,0
1814_10.txt,0
575_7.txt,0
3674_8.txt,0
689_7.txt,0
9457_9.txt,0
2025_9.txt,0
9779_10.txt,0
10542_10.txt,0
1969_10.txt,0
9679_10.txt,0
483_10.txt,0
5402_7.txt,0
2112_7.txt,0
1869_10.txt,0
4686_10.txt,0
8713_9.txt,0
7356_8.txt,0
8003_9.txt,0
9977_7.txt,0
8134_7.txt,0
114_10.txt,0
164_7.txt,0
3548_8.txt,0
10593_8.txt,0
10533_10.txt,0
2829_10.txt,0
6396_8.txt,0
6683_9.txt,0
4815_7.txt,0
8652_8.txt,0
6365_7.txt,0
9864_8.txt,0
6510_7.txt,0
9405_7.txt,0
4039_9.txt,0
4668_8.txt,0
2073_10.txt,0
5950_10.txt,0
7611_7.txt,0
663_9.txt,0
9029_7.txt,0
11859_8.txt,0
6276_8.txt,0
4694_10.txt,0
11315_7.txt,0
1766_9.txt,0
3511_10.txt,0
1989_8.txt,0
3411_10.txt,0
5338_8.txt,0
9589_10.txt,0
7898_10.txt,0
11976_10.txt,0
10329_10.txt,0
3529_8.txt,0
11269_7.txt,0
10925_8.txt,0
8792_10.txt,0
1515_7.txt,0
7132_9.txt,0
9012_10.txt,0
562_8.txt,0
3079_9.txt,0
4714_8.txt,0
783_8.txt,0
8720_7.txt,0
1393_8.txt,0
4788_9.txt,0
10838_8.txt,0
8446_10.txt,0
735_7.txt,0
2769_10.txt,0
9048_7.txt,0
2927_9.txt,0
8302_8.txt,0
1360_7.txt,0
647_9.txt,0
3810_7.txt,0
1709_7.txt,0
11836_7.txt,0
6582_8.txt,0
9349_7.txt,0
3895_7.txt,0
2895_7.txt,0
4065_9.txt,0
4826_9.txt,0
9713_8.txt,0
9692_9.txt,0
974_10.txt,0
9374_7.txt,0
4564_10.txt,0
7012_9.txt,0
2618_10.txt,0
2409_8.txt,0
6966_7.txt,0
6125_7.txt,0
9880_8.txt,0
12330_8.txt,0
6995_8.txt,0
7507_8.txt,0
895_8.txt,0
1166_10.txt,0
12167_7.txt,0
1922_10.txt,0
4463_7.txt,0
2239_8.txt,0
11289_10.txt,0
8205_10.txt,0
9732_10.txt,0
10409_10.txt,0
3239_8.txt,0
2813_10.txt,0
5340_8.txt,0
10155_7.txt,0
2300_9.txt,0
3237_7.txt,0
2237_7.txt,0
7914_8.txt,0
12342_7.txt,0
4221_8.txt,0
10103_9.txt,0
6112_8.txt,0
7689_7.txt,0
9007_8.txt,0
1904_10.txt,0
193_9.txt,0
2430_8.txt,0
5165_8.txt,0
6256_8.txt,0
4963_8.txt,0
3217_10.txt,0
11634_10.txt,0
2597_10.txt,0
624_10.txt,0
11065_10.txt,0
4990_7.txt,0
9009_7.txt,0
3568_8.txt,0
3622_7.txt,0
3374_10.txt,0
5755_8.txt,0
4313_10.txt,0
2589_10.txt,0
3669_8.txt,0
4076_7.txt,0
1967_10.txt,0
5085_8.txt,0
2101_8.txt,0
8681_7.txt,0
3942_8.txt,0
10999_8.txt,0
3285_8.txt,0
2285_8.txt,0
7834_8.txt,0
1943_7.txt,0
1906_7.txt,0
3378_10.txt,0
8228_7.txt,0
5766_7.txt,0
1874_9.txt,0
4362_10.txt,0
8733_9.txt,0
12163_7.txt,0
6048_10.txt,0
10540_10.txt,0
11077_10.txt,0
167_10.txt,0
1474_7.txt,0
6927_7.txt,0
1431_7.txt,0
12334_8.txt,0
2747_7.txt,0
12419_8.txt,0
4675_8.txt,0
7087_10.txt,0
5024_9.txt,0
3749_8.txt,0
6929_8.txt,0
1131_10.txt,0
7647_8.txt,0
2064_8.txt,0
1920_10.txt,0
9730_10.txt,0
11656_8.txt,0
5443_7.txt,0
9696_8.txt,0
1357_9.txt,0
8599_7.txt,0
8307_10.txt,0
9879_9.txt,0
7929_9.txt,0
10190_10.txt,0
9416_9.txt,0
4254_10.txt,0
10175_7.txt,0
876_10.txt,0
1889_8.txt,0
6333_9.txt,0
8448_10.txt,0
3501_10.txt,0
9162_9.txt,0
9921_9.txt,0
7628_7.txt,0
8484_7.txt,0
10401_7.txt,0
3763_7.txt,0
12355_8.txt,0
4301_9.txt,0
750_7.txt,0
9068_7.txt,0
5819_10.txt,0
10354_7.txt,0
12067_7.txt,0
12062_10.txt,0
7423_9.txt,0
523_9.txt,0
2616_10.txt,0
3372_7.txt,0
5864_10.txt,0
5020_10.txt,0
7706_8.txt,0
864_10.txt,0
6743_8.txt,0
4192_10.txt,0
9938_8.txt,0
11599_7.txt,0
7369_10.txt,0
2775_10.txt,0
4052_7.txt,0
11909_10.txt,0
2968_7.txt,0
8973_7.txt,0
1911_8.txt,0
1447_9.txt,0
8427_10.txt,0
4316_7.txt,0
5839_9.txt,0
2383_8.txt,0
10789_8.txt,0
4386_9.txt,0
7516_7.txt,0
6543_10.txt,0
9270_10.txt,0
8747_10.txt,0
564_9.txt,0
10356_7.txt,0
3966_10.txt,0
5592_8.txt,0
1208_10.txt,0
3905_9.txt,0
4881_9.txt,0
7009_10.txt,0
2090_10.txt,0
964_7.txt,0
2604_7.txt,0
3710_10.txt,0
12232_8.txt,0
8510_8.txt,0
9788_10.txt,0
12178_7.txt,0
3129_7.txt,0
5736_8.txt,0
540_8.txt,0
5511_10.txt,0
11523_7.txt,0
1581_8.txt,0
6371_10.txt,0
8831_10.txt,0
5437_8.txt,0
3921_8.txt,0
3878_10.txt,0
9179_8.txt,0
10715_9.txt,0
1781_10.txt,0
8940_10.txt,0
7480_8.txt,0
1367_10.txt,0
3909_10.txt,0
9784_10.txt,0
1054_9.txt,0
1894_10.txt,0
536_7.txt,0
3367_9.txt,0
4063_8.txt,0
9381_9.txt,0
4157_10.txt,0
10233_7.txt,0
8750_9.txt,0
1227_7.txt,0
11285_8.txt,0
2407_10.txt,0
352_10.txt,0
10219_9.txt,0
4303_9.txt,0
8012_7.txt,0
4976_7.txt,0
12359_7.txt,0
1621_9.txt,0
2248_10.txt,0
8167_10.txt,0
5933_7.txt,0
4552_8.txt,0
11448_8.txt,0
4858_10.txt,0
10589_10.txt,0
2130_7.txt,0
3493_9.txt,0
11252_7.txt,0
5348_7.txt,0
1941_7.txt,0
2686_10.txt,0
11792_10.txt,0
1699_8.txt,0
7412_7.txt,0
3938_8.txt,0
2231_7.txt,0
364_10.txt,0
11987_10.txt,0
8507_7.txt,0
4978_9.txt,0
12238_10.txt,0
175_8.txt,0
5679_7.txt,0
5682_10.txt,0
3821_10.txt,0
2860_8.txt,0
5782_10.txt,0
10726_7.txt,0
3165_10.txt,0
11546_10.txt,0
10497_10.txt,0
2401_7.txt,0
5111_7.txt,0
6993_8.txt,0
12380_7.txt,0
2698_10.txt,0
5255_7.txt,0
4327_9.txt,0
6193_10.txt,0
733_7.txt,0
3010_7.txt,0
3816_7.txt,0
5961_8.txt,0
9726_7.txt,0
5268_10.txt,0
690_10.txt,0
3745_10.txt,0
6091_9.txt,0
1368_8.txt,0
11266_10.txt,0
10073_7.txt,0
10844_10.txt,0
5215_10.txt,0
3733_8.txt,0
11073_7.txt,0
9683_7.txt,0
4741_10.txt,0
10509_8.txt,0
9635_8.txt,0
10261_8.txt,0
444_10.txt,0
4031_7.txt,0
1471_10.txt,0
3599_7.txt,0
11193_7.txt,0
940_7.txt,0
6977_9.txt,0
8749_9.txt,0
6247_10.txt,0
8460_8.txt,0
2330_10.txt,0
2313_8.txt,0
8042_7.txt,0
10906_10.txt,0
11416_7.txt,0
4603_8.txt,0
11453_7.txt,0
349_10.txt,0
9455_10.txt,0
2542_9.txt,0
12444_10.txt,0
8306_7.txt,0
5332_8.txt,0
7842_8.txt,0
1554_8.txt,0
6495_8.txt,0
1279_8.txt,0
8114_8.txt,0
414_9.txt,0
9781_10.txt,0
5565_10.txt,0
5465_10.txt,0
4916_10.txt,0
2595_7.txt,0
8250_8.txt,0
11247_10.txt,0
2402_10.txt,0
1567_7.txt,0
11236_10.txt,0
10701_10.txt,0
2473_10.txt,0
2654_7.txt,0
9191_8.txt,0
5345_10.txt,0
982_8.txt,0
7956_10.txt,0
5569_10.txt,0
11493_7.txt,0
2099_7.txt,0
9453_7.txt,0
2396_8.txt,0
1421_10.txt,0
1370_10.txt,0
5212_8.txt,0
9793_10.txt,0
6217_10.txt,0
6991_7.txt,0
9249_9.txt,0
9877_8.txt,0
4587_8.txt,0
4156_8.txt,0
4611_10.txt,0
5259_7.txt,0
9383_7.txt,0
2097_8.txt,0
9208_10.txt,0
10761_8.txt,0
3910_9.txt,0
12417_9.txt,0
1409_10.txt,0
5273_10.txt,0
11188_8.txt,0
11274_8.txt,0
3097_9.txt,0
2571_7.txt,0
4639_10.txt,0
12186_10.txt,0
4739_10.txt,0
2538_10.txt,0
3491_7.txt,0
6626_7.txt,0
7626_7.txt,0
10629_10.txt,0
5931_8.txt,0
11785_10.txt,0
11444_8.txt,0
2426_10.txt,0
3111_10.txt,0
3233_9.txt,0
695_10.txt,0
11151_9.txt,0
4727_10.txt,0
10066_7.txt,0
7281_8.txt,0
7650_8.txt,0
5947_7.txt,0
2414_7.txt,0
7300_9.txt,0
8700_8.txt,0
5076_9.txt,0
11543_10.txt,0
451_8.txt,0
1337_10.txt,0
12194_10.txt,0
6986_8.txt,0
6514_8.txt,0
5691_7.txt,0
1983_9.txt,0
6239_8.txt,0
101_9.txt,0
6930_7.txt,0
9231_8.txt,0
2160_7.txt,0
7704_10.txt,0
7324_8.txt,0
8873_10.txt,0
4648_10.txt,0
9188_8.txt,0
10599_8.txt,0
10646_10.txt,0
7442_7.txt,0
7028_10.txt,0
11882_10.txt,0
4635_10.txt,0
8_9.txt,0
10832_9.txt,0
3418_8.txt,0
832_7.txt,0
6399_10.txt,0
2620_9.txt,0
6134_7.txt,0
10358_7.txt,0
11851_8.txt,0
597_9.txt,0
11057_8.txt,0
1461_7.txt,0
1618_10.txt,0
9064_7.txt,0
1309_7.txt,0
2879_7.txt,0
719_7.txt,0
7335_10.txt,0
6153_10.txt,0
9702_8.txt,0
4900_7.txt,0
9099_7.txt,0
9760_10.txt,0
12020_10.txt,0
12447_7.txt,0
8829_8.txt,0
1383_10.txt,0
11731_7.txt,0
1034_10.txt,0
4524_8.txt,0
162_8.txt,0
2479_9.txt,0
10942_7.txt,0
4644_9.txt,0
9177_8.txt,0
10669_7.txt,0
12133_7.txt,0
4856_8.txt,0
3778_9.txt,0
1636_8.txt,0
7899_8.txt,0
10545_10.txt,0
1214_7.txt,0
11971_8.txt,0
5028_8.txt,0
3538_8.txt,0
4391_8.txt,0
6739_7.txt,0
10510_7.txt,0
2250_8.txt,0
11598_10.txt,0
8888_9.txt,0
6781_7.txt,0
8414_10.txt,0
8345_10.txt,0
10848_9.txt,0
7315_7.txt,0
672_8.txt,0
11862_7.txt,0
1885_8.txt,0
12151_10.txt,0
4282_7.txt,0
1901_10.txt,0
8358_7.txt,0
9140_10.txt,0
8477_10.txt,0
5170_8.txt,0
12487_7.txt,0
8356_8.txt,0
10448_7.txt,0
3801_7.txt,0
6624_7.txt,0
721_10.txt,0
4320_10.txt,0
11635_7.txt,0
5717_10.txt,0
10353_10.txt,0
2770_10.txt,0
4348_8.txt,0
12161_8.txt,0
2818_10.txt,0
1741_10.txt,0
11403_9.txt,0
12058_9.txt,0
8541_10.txt,0
12338_8.txt,0
10304_7.txt,0
3322_7.txt,0
9073_8.txt,0
4740_9.txt,0
2322_7.txt,0
902_10.txt,0
12336_7.txt,0
12426_7.txt,0
973_10.txt,0
4992_8.txt,0
8304_7.txt,0
12279_9.txt,0
7211_7.txt,0
3540_9.txt,0
785_7.txt,0
1701_7.txt,0
10038_7.txt,0
2540_9.txt,0
1395_7.txt,0
2129_9.txt,0
3785_8.txt,0
11414_7.txt,0
11451_7.txt,0
8430_10.txt,0
6027_9.txt,0
8530_10.txt,0
5780_9.txt,0
2940_7.txt,0
1939_8.txt,0
2905_7.txt,0
3103_7.txt,0
6757_10.txt,0
8252_8.txt,0
11968_8.txt,0
3564_8.txt,0
2701_10.txt,0
9910_8.txt,0
1492_9.txt,0
521_7.txt,0
2601_10.txt,0
5873_10.txt,0
1972_7.txt,0
453_9.txt,0
5330_8.txt,0
11160_7.txt,0
10012_9.txt,0
11125_7.txt,0
7517_10.txt,0
4744_9.txt,0
10466_8.txt,0
6964_8.txt,0
11001_7.txt,0
11044_7.txt,0
11733_10.txt,0
8333_8.txt,0
3328_8.txt,0
5572_7.txt,0
494_10.txt,0
9388_10.txt,0
9376_8.txt,0
8626_9.txt,0
1900_8.txt,0
4314_10.txt,0
9855_9.txt,0
2765_9.txt,0
6832_7.txt,0
4342_7.txt,0
1413_9.txt,0
928_10.txt,0
3932_8.txt,0
1775_10.txt,0
283_8.txt,0
12196_7.txt,0
3516_7.txt,0
8516_10.txt,0
9770_10.txt,0
8296_8.txt,0
9601_10.txt,0
9586_8.txt,0
11503_8.txt,0
4382_7.txt,0
8575_7.txt,0
2901_7.txt,0
2635_10.txt,0
9392_9.txt,0
9969_10.txt,0
6343_8.txt,0
1329_7.txt,0
9842_7.txt,0
11410_7.txt,0
11084_7.txt,0
7639_7.txt,0
10032_8.txt,0
812_7.txt,0
9423_8.txt,0
5824_10.txt,0
8466_8.txt,0
5190_8.txt,0
1667_10.txt,0
12422_7.txt,0
5920_7.txt,0
6322_9.txt,0
1391_7.txt,0
1578_7.txt,0
10948_8.txt,0
3195_8.txt,0
3480_9.txt,0
6104_10.txt,0
7362_10.txt,0
1327_9.txt,0
9237_8.txt,0
8200_10.txt,0
11946_7.txt,0
5971_10.txt,0
3781_9.txt,0
8975_8.txt,0
6893_7.txt,0
6938_8.txt,0
382_10.txt,0
4904_7.txt,0
11292_10.txt,0
4596_7.txt,0
6559_7.txt,0
4149_8.txt,0
1517_9.txt,0
3756_7.txt,0
6289_7.txt,0
8914_9.txt,0
8025_7.txt,0
5131_8.txt,0
9735_7.txt,0
9018_7.txt,0
9592_10.txt,0
668_10.txt,0
9492_10.txt,0
4288_8.txt,0
10586_9.txt,0
1456_8.txt,0
12353_7.txt,0
840_8.txt,0
11112_9.txt,0
3191_10.txt,0
1872_7.txt,0
3302_7.txt,0
2796_7.txt,0
8689_10.txt,0
9016_8.txt,0
10442_8.txt,0
11280_10.txt,0
8663_8.txt,0
9626_8.txt,0
2772_10.txt,0
4956_9.txt,0
8204_7.txt,0
4573_10.txt,0
9241_7.txt,0
899_9.txt,0
11930_8.txt,0
5069_8.txt,0
7816_7.txt,0
9077_9.txt,0
11986_7.txt,0
8871_9.txt,0
532_8.txt,0
6544_10.txt,0
5762_9.txt,0
1104_9.txt,0
1881_10.txt,0
6414_9.txt,0
6886_9.txt,0
10864_7.txt,0
3495_7.txt,0
7381_9.txt,0
1240_9.txt,0
6200_8.txt,0
10363_7.txt,0
5449_7.txt,0
2159_7.txt,0
12429_10.txt,0
224_10.txt,0
1990_7.txt,0
8560_8.txt,0
4828_8.txt,0
7057_7.txt,0
2674_7.txt,0
3717_10.txt,0
9389_9.txt,0
8243_7.txt,0
3258_7.txt,0
12205_10.txt,0
4863_7.txt,0
9545_10.txt,0
1646_7.txt,0
3575_7.txt,0
7059_8.txt,0
991_7.txt,0
11238_10.txt,0
10944_7.txt,0
7862_8.txt,0
80_7.txt,0
2962_7.txt,0
7396_7.txt,0
5506_9.txt,0
6702_7.txt,0
5567_10.txt,0
5504_10.txt,0
3376_8.txt,0
6319_10.txt,0
3154_10.txt,0
6997_10.txt,0
6435_10.txt,0
2410_7.txt,0
11168_9.txt,0
5072_9.txt,0
12154_7.txt,0
8633_7.txt,0
10639_10.txt,0
7606_10.txt,0
8918_7.txt,0
2140_7.txt,0
8664_10.txt,0
385_9.txt,0
591_8.txt,0
6040_8.txt,0
8532_7.txt,0
12188_10.txt,0
4480_10.txt,0
1843_9.txt,0
9916_8.txt,0
3650_10.txt,0
628_8.txt,0
8110_8.txt,0
11501_8.txt,0
1675_9.txt,0
2471_7.txt,0
5967_7.txt,0
11331_8.txt,0
4124_7.txt,0
1742_7.txt,0
10076_10.txt,0
4005_10.txt,0
3016_8.txt,0
1589_9.txt,0
3826_10.txt,0
7116_7.txt,0
12346_8.txt,0
8607_10.txt,0
1531_9.txt,0
962_9.txt,0
12498_7.txt,0
2296_9.txt,0
11075_8.txt,0
5607_8.txt,0
8912_10.txt,0
5508_7.txt,0
3317_8.txt,0
10499_8.txt,0
4583_8.txt,0
4570_7.txt,0
11765_8.txt,0
12456_8.txt,0
1264_9.txt,0
743_7.txt,0
4492_10.txt,0
11805_7.txt,0
1470_8.txt,0
1017_7.txt,0
11619_9.txt,0
7608_8.txt,0
11687_10.txt,0
10421_8.txt,0
4746_9.txt,0
3621_10.txt,0
1662_7.txt,0
4004_7.txt,0
8139_10.txt,0
7715_8.txt,0
1526_7.txt,0
6036_7.txt,0
7875_7.txt,0
1947_8.txt,0
9014_9.txt,0
904_10.txt,0
12224_9.txt,0
1008_10.txt,0
90_9.txt,0
711_10.txt,0
11447_8.txt,0
10081_10.txt,0
1877_7.txt,0
1940_9.txt,0
8359_7.txt,0
7458_10.txt,0
8730_7.txt,0
11969_10.txt,0
3461_8.txt,0
11216_9.txt,0
6660_7.txt,0
5421_9.txt,0
1335_7.txt,0
8447_10.txt,0
9312_8.txt,0
6643_10.txt,0
2768_10.txt,0
10228_10.txt,0
6856_7.txt,0
2636_7.txt,0
6961_9.txt,0
4390_8.txt,0
9957_10.txt,0
1228_7.txt,0
5062_7.txt,0
8308_10.txt,0
2537_7.txt,0
3913_8.txt,0
3115_8.txt,0
4191_10.txt,0
2913_8.txt,0
673_8.txt,0
2478_9.txt,0
6939_10.txt,0
5660_10.txt,0
11142_10.txt,0
3355_9.txt,0
476_9.txt,0
8133_8.txt,0
3504_8.txt,0
2965_7.txt,0
10259_10.txt,0
6485_10.txt,0
833_7.txt,0
2619_10.txt,0
6618_7.txt,0
11994_9.txt,0
5459_9.txt,0
11396_10.txt,0
12021_8.txt,0
8098_7.txt,0
2764_10.txt,0
5208_8.txt,0
621_7.txt,0
11492_10.txt,0
3876_9.txt,0
1231_7.txt,0
10508_7.txt,0
11830_10.txt,0
2718_9.txt,0
2824_10.txt,0
4873_8.txt,0
4030_8.txt,0
8463_10.txt,0
1936_7.txt,0
11009_10.txt,0
9810_10.txt,0
102_8.txt,0
7496_8.txt,0
10161_7.txt,0
1980_8.txt,0
4331_8.txt,0
6704_10.txt,0
11908_9.txt,0
2947_10.txt,0
1369_7.txt,0
2819_7.txt,0
3310_8.txt,0
6128_10.txt,0
4222_7.txt,0
10797_10.txt,0
11874_8.txt,0
8336_8.txt,0
3022_7.txt,0
2594_10.txt,0
1263_9.txt,0
4155_8.txt,0
5744_10.txt,0
6124_10.txt,0
10426_8.txt,0
1477_8.txt,0
8081_7.txt,0
6122_8.txt,0
8450_7.txt,0
7167_8.txt,0
3937_8.txt,0
1599_7.txt,0
1397_10.txt,0
7386_8.txt,0
1620_7.txt,0
8512_10.txt,0
5134_9.txt,0
6047_10.txt,0
4977_9.txt,0
230_7.txt,0
288_7.txt,0
3275_8.txt,0
1905_8.txt,0
9161_7.txt,0
744_10.txt,0
7945_9.txt,0
8609_7.txt,0
174_7.txt,0
2882_10.txt,0
6963_8.txt,0
8565_9.txt,0
3449_7.txt,0
12335_7.txt,0
2746_8.txt,0
4674_7.txt,0
9876_8.txt,0
5674_7.txt,0
7905_10.txt,0
7805_10.txt,0
208_10.txt,0
2020_7.txt,0
10498_10.txt,0
746_7.txt,0
2727_9.txt,0
11956_8.txt,0
9190_8.txt,0
2610_7.txt,0
7835_7.txt,0
9229_8.txt,0
11988_10.txt,0
2178_7.txt,0
4722_8.txt,0
1472_10.txt,0
216_10.txt,0
7384_8.txt,0
1510_8.txt,0
4484_10.txt,0
10852_9.txt,0
9913_8.txt,0
3754_10.txt,0
6515_9.txt,0
10541_8.txt,0
1971_7.txt,0
17_8.txt,0
8115_8.txt,0
10227_7.txt,0
8539_8.txt,0
9673_7.txt,0
10928_10.txt,0
4871_8.txt,0
3522_8.txt,0
8386_10.txt,0
666_7.txt,0
8680_8.txt,0
7053_10.txt,0
2831_9.txt,0
5562_9.txt,0
8603_10.txt,0
3293_9.txt,0
10248_9.txt,0
4352_9.txt,0
850_7.txt,0
5929_8.txt,0
7061_9.txt,0
1403_7.txt,0
7761_10.txt,0
8309_8.txt,0
1086_10.txt,0
7974_10.txt,0
6709_9.txt,0
11417_7.txt,0
6325_9.txt,0
12007_8.txt,0
4945_10.txt,0
3637_10.txt,0
1365_8.txt,0
3056_9.txt,0
3977_10.txt,0
3994_8.txt,0
5463_10.txt,0
1897_10.txt,0
5770_7.txt,0
5735_7.txt,0
6203_10.txt,0
11699_8.txt,0
9892_10.txt,0
12231_7.txt,0
11941_7.txt,0
6867_8.txt,0
10699_8.txt,0
3607_8.txt,0
4527_8.txt,0
889_7.txt,0
12442_10.txt,0
2415_7.txt,0
10139_10.txt,0
9395_8.txt,0
6236_7.txt,0
4903_7.txt,0
4591_7.txt,0
11190_9.txt,0
8748_10.txt,0
4241_7.txt,0
563_10.txt,0
3490_7.txt,0
3770_10.txt,0
2247_10.txt,0
9310_8.txt,0
3296_10.txt,0
11323_7.txt,0
5220_10.txt,0
4046_10.txt,0
5930_8.txt,0
6526_7.txt,0
7177_10.txt,0
10824_7.txt,0
8996_9.txt,0
9476_7.txt,0
2762_8.txt,0
3428_7.txt,0
4158_10.txt,0
8203_7.txt,0
1315_10.txt,0
9210_10.txt,0
11275_8.txt,0
5060_7.txt,0
1509_8.txt,0
10513_7.txt,0
8248_8.txt,0
220_10.txt,0
7069_10.txt,0
7638_10.txt,0
2332_8.txt,0
6554_8.txt,0
3648_10.txt,0
11858_7.txt,0
1650_9.txt,0
9391_8.txt,0
5907_7.txt,0
11780_8.txt,0
11314_8.txt,0
3164_10.txt,0
3085_7.txt,0
2264_7.txt,0
7218_9.txt,0
11837_9.txt,0
5787_8.txt,0
2926_7.txt,0
4959_10.txt,0
11308_10.txt,0
7397_7.txt,0
4859_10.txt,0
11208_10.txt,0
6397_7.txt,0
218_10.txt,0
8762_10.txt,0
3963_7.txt,0
8764_9.txt,0
12134_7.txt,0
9031_9.txt,0
10552_7.txt,0
2675_7.txt,0
7120_10.txt,0
7056_7.txt,0
9330_9.txt,0
3915_8.txt,0
6508_9.txt,0
10519_8.txt,0
5277_10.txt,0
3688_7.txt,0
3259_7.txt,0
11204_10.txt,0
8089_9.txt,0
212_7.txt,0
526_10.txt,0
11781_10.txt,0
11404_8.txt,0
2373_10.txt,0
791_10.txt,0
4836_10.txt,0
11367_10.txt,0
2795_7.txt,0
4233_8.txt,0
2880_10.txt,0
11865_7.txt,0
6943_8.txt,0
7594_8.txt,0
5276_8.txt,0
6192_10.txt,0
2843_7.txt,0
9169_9.txt,0
6270_10.txt,0
2181_7.txt,0
9443_10.txt,0
7336_7.txt,0
9439_9.txt,0
10391_9.txt,0
4728_7.txt,0
2931_8.txt,0
4341_7.txt,0
7943_9.txt,0
2477_10.txt,0
11185_10.txt,0
1628_8.txt,0
10585_8.txt,0
3804_10.txt,0
9050_9.txt,0
4429_7.txt,0
9089_8.txt,0
5195_10.txt,0
8660_9.txt,0
8625_9.txt,0
9386_7.txt,0
11271_9.txt,0
4800_10.txt,0
3024_7.txt,0
4534_7.txt,0
4571_7.txt,0
1525_10.txt,0
6788_9.txt,0
1692_10.txt,0
7609_8.txt,0
1987_10.txt,0
7624_10.txt,0
894_7.txt,0
406_7.txt,0
6362_10.txt,0
221_9.txt,0
3_7.txt,0
2811_8.txt,0
7911_7.txt,0
854_7.txt,0
11220_10.txt,0
2297_9.txt,0
1407_7.txt,0
2316_8.txt,0
8348_8.txt,0
2928_9.txt,0
9632_7.txt,0
627_7.txt,0
3386_10.txt,0
4414_7.txt,0
947_8.txt,0
1780_10.txt,0
9404_9.txt,0
9896_9.txt,0
6041_8.txt,0
1895_10.txt,0
9685_10.txt,0
6426_7.txt,0
11500_8.txt,0
1995_10.txt,0
5604_8.txt,0
9843_7.txt,0
11085_7.txt,0
11454_7.txt,0
10563_9.txt,0
9103_10.txt,0
3644_9.txt,0
7307_10.txt,0
6150_7.txt,0
4567_10.txt,0
4181_10.txt,0
6673_8.txt,0
8344_7.txt,0
11394_10.txt,0
284_10.txt,0
10326_10.txt,0
10091_10.txt,0
143_8.txt,0
5133_10.txt,0
1984_8.txt,0
3458_9.txt,0
10603_8.txt,0
7682_10.txt,0
757_9.txt,0
12157_7.txt,0
4328_10.txt,0
11979_10.txt,0
12497_10.txt,0
6417_8.txt,0
918_10.txt,0
2158_10.txt,0
6073_10.txt,0
8990_8.txt,0
9547_8.txt,0
170_7.txt,0
10393_9.txt,0
519_7.txt,0
5658_9.txt,0
2170_8.txt,0
7268_10.txt,0
11158_7.txt,0
2292_10.txt,0
2517_7.txt,0
5865_10.txt,0
4416_10.txt,0
5959_7.txt,0
10172_9.txt,0
7732_9.txt,0
6291_7.txt,0
677_9.txt,0
6110_10.txt,0
12032_7.txt,0
7262_8.txt,0
5957_9.txt,0
8341_10.txt,0
4689_10.txt,0
7817_7.txt,0
11515_7.txt,0
8033_9.txt,0
9104_7.txt,0
8771_7.txt,0
1459_7.txt,0
2070_10.txt,0
5186_7.txt,0
348_7.txt,0
6941_8.txt,0
799_7.txt,0
9435_7.txt,0
1389_7.txt,0
11406_8.txt,0
10092_8.txt,0
10406_8.txt,0
4877_9.txt,0
7286_8.txt,0
6813_10.txt,0
6189_7.txt,0
11771_7.txt,0
8360_7.txt,0
9406_8.txt,0
4335_9.txt,0
10795_10.txt,0
9719_10.txt,0
9822_7.txt,0
4620_8.txt,0
10980_10.txt,0
1579_7.txt,0
822_10.txt,0
5754_10.txt,0
169_7.txt,0
3500_8.txt,0
9273_8.txt,0
480_10.txt,0
7395_7.txt,0
6701_7.txt,0
9912_10.txt,0
10835_9.txt,0
1577_8.txt,0
5629_10.txt,0
12281_8.txt,0
6572_9.txt,0
7094_7.txt,0
1817_10.txt,0
7403_10.txt,0
11526_8.txt,0
9238_7.txt,0
1916_7.txt,0
8087_10.txt,0
1584_7.txt,0
9487_1.txt,1
3351_4.txt,1
4290_4.txt,1
11890_1.txt,1
472_4.txt,1
1789_2.txt,1
9565_3.txt,1
5129_4.txt,1
671_3.txt,1
12430_1.txt,1
12453_2.txt,1
11377_4.txt,1
7958_4.txt,1
858_4.txt,1
10275_3.txt,1
11332_4.txt,1
4171_1.txt,1
12044_4.txt,1
3680_1.txt,1
5272_3.txt,1
11176_1.txt,1
6590_3.txt,1
5335_4.txt,1
10368_3.txt,1
7736_1.txt,1
5091_1.txt,1
9257_4.txt,1
428_3.txt,1
7078_2.txt,1
4975_3.txt,1
3426_3.txt,1
4136_3.txt,1
693_4.txt,1
10069_3.txt,1
8970_1.txt,1
11567_1.txt,1
2234_4.txt,1
5626_3.txt,1
3271_4.txt,1
6452_4.txt,1
7494_2.txt,1
11915_4.txt,1
8502_4.txt,1
9069_3.txt,1
69_4.txt,1
7753_4.txt,1
9232_1.txt,1
3933_4.txt,1
3135_4.txt,1
11478_3.txt,1
6878_4.txt,1
5857_1.txt,1
11212_4.txt,1
5480_1.txt,1
2786_2.txt,1
7985_1.txt,1
8870_4.txt,1
2705_4.txt,1
10699_3.txt,1
3391_4.txt,1
4560_1.txt,1
11621_3.txt,1
7408_3.txt,1
7998_4.txt,1
9230_3.txt,1
2718_1.txt,1
7262_4.txt,1
6325_3.txt,1
6589_2.txt,1
7227_4.txt,1
9397_1.txt,1
225_3.txt,1
11334_2.txt,1
9703_1.txt,1
5482_2.txt,1
8662_4.txt,1
7797_1.txt,1
4855_2.txt,1
11273_4.txt,1
4991_3.txt,1
8253_1.txt,1
11699_2.txt,1
7697_4.txt,1
6139_2.txt,1
6246_4.txt,1
3420_4.txt,1
12040_1.txt,1
380_2.txt,1
9353_4.txt,1
1790_2.txt,1
10640_3.txt,1
6614_2.txt,1
11037_1.txt,1
1880_4.txt,1
10831_1.txt,1
4274_4.txt,1
17_3.txt,1
887_2.txt,1
1066_1.txt,1
8115_3.txt,1
2355_1.txt,1
433_1.txt,1
9581_3.txt,1
9115_3.txt,1
8052_4.txt,1
11353_4.txt,1
1715_2.txt,1
2400_1.txt,1
9393_4.txt,1
3031_4.txt,1
10395_2.txt,1
490_2.txt,1
2762_2.txt,1
11913_3.txt,1
1805_4.txt,1
9831_1.txt,1
6513_4.txt,1
1003_4.txt,1
8831_1.txt,1
1339_2.txt,1
6454_3.txt,1
9607_1.txt,1
8621_2.txt,1
6366_4.txt,1
12160_1.txt,1
3890_3.txt,1
2545_4.txt,1
12103_2.txt,1
8642_1.txt,1
3447_3.txt,1
1731_3.txt,1
6734_2.txt,1
9334_3.txt,1
3131_1.txt,1
7963_3.txt,1
1577_4.txt,1
10954_1.txt,1
924_4.txt,1
3397_3.txt,1
10659_2.txt,1
981_1.txt,1
3169_4.txt,1
10738_4.txt,1
6185_4.txt,1
7648_1.txt,1
4765_3.txt,1
5622_4.txt,1
883_4.txt,1
9994_3.txt,1
9506_3.txt,1
10813_4.txt,1
10050_4.txt,1
845_2.txt,1
7945_2.txt,1
12363_4.txt,1
6279_4.txt,1
4213_1.txt,1
1769_4.txt,1
9371_1.txt,1
3033_4.txt,1
8357_2.txt,1
6610_4.txt,1
7655_4.txt,1
2835_4.txt,1
11760_1.txt,1
1696_3.txt,1
12475_2.txt,1
11351_4.txt,1
2402_1.txt,1
12125_3.txt,1
6221_1.txt,1
8933_4.txt,1
4704_2.txt,1
9976_4.txt,1
9229_1.txt,1
10913_1.txt,1
6065_4.txt,1
2297_4.txt,1
11625_4.txt,1
10762_3.txt,1
9336_3.txt,1
1694_1.txt,1
3133_1.txt,1
9128_1.txt,1
7773_2.txt,1
3547_4.txt,1
3196_4.txt,1
4851_4.txt,1
2094_3.txt,1
5851_4.txt,1
12339_3.txt,1
9623_2.txt,1
2686_4.txt,1
11190_1.txt,1
4600_3.txt,1
2257_4.txt,1
574_4.txt,1
1023_3.txt,1
7474_4.txt,1
7768_1.txt,1
12243_4.txt,1
6865_2.txt,1
688_4.txt,1
12179_2.txt,1
1367_3.txt,1
5097_4.txt,1
8680_1.txt,1
9214_1.txt,1
10908_2.txt,1
11271_4.txt,1
6531_1.txt,1
11090_4.txt,1
11896_4.txt,1
11329_4.txt,1
1980_3.txt,1
10850_2.txt,1
8738_4.txt,1
1398_1.txt,1
6688_1.txt,1
9738_4.txt,1
9424_1.txt,1
716_2.txt,1
7569_4.txt,1
6616_2.txt,1
8760_1.txt,1
11028_4.txt,1
7158_1.txt,1
8725_1.txt,1
5873_3.txt,1
4016_1.txt,1
7039_4.txt,1
139_4.txt,1
7282_3.txt,1
6380_4.txt,1
1241_4.txt,1
8402_3.txt,1
6867_1.txt,1
9992_4.txt,1
5848_4.txt,1
9096_3.txt,1
3621_2.txt,1
9583_2.txt,1
4661_3.txt,1
7450_4.txt,1
6517_3.txt,1
9131_1.txt,1
4726_4.txt,1
885_3.txt,1
5153_4.txt,1
12278_3.txt,1
9762_2.txt,1
2504_3.txt,1
8277_3.txt,1
4562_1.txt,1
10721_4.txt,1
8375_4.txt,1
6026_3.txt,1
1573_3.txt,1
5252_4.txt,1
7967_4.txt,1
965_3.txt,1
7063_3.txt,1
1728_1.txt,1
3336_1.txt,1
9837_4.txt,1
9935_3.txt,1
709_4.txt,1
8074_4.txt,1
4294_2.txt,1
6223_2.txt,1
11330_4.txt,1
4584_2.txt,1
2892_2.txt,1
9764_4.txt,1
5678_2.txt,1
2913_3.txt,1
4507_4.txt,1
6671_4.txt,1
1038_1.txt,1
7141_1.txt,1
8779_1.txt,1
6902_1.txt,1
4988_1.txt,1
7472_3.txt,1
572_3.txt,1
7535_4.txt,1
6305_4.txt,1
6019_1.txt,1
7019_1.txt,1
5073_4.txt,1
1752_3.txt,1
7791_4.txt,1
4932_3.txt,1
240_4.txt,1
5036_4.txt,1
6712_2.txt,1
7734_1.txt,1
11397_3.txt,1
3117_1.txt,1
2972_2.txt,1
5619_3.txt,1
90_2.txt,1
12247_1.txt,1
8585_4.txt,1
6456_2.txt,1
629_4.txt,1
1239_4.txt,1
10288_1.txt,1
863_4.txt,1
2295_3.txt,1
6926_4.txt,1
11526_3.txt,1
9070_4.txt,1
8974_3.txt,1
1062_2.txt,1
5667_1.txt,1
11424_4.txt,1
10377_2.txt,1
1899_2.txt,1
9723_2.txt,1
2096_4.txt,1
11780_1.txt,1
1468_1.txt,1
1300_1.txt,1
4523_1.txt,1
3870_1.txt,1
2870_1.txt,1
7284_1.txt,1
4540_2.txt,1
1575_1.txt,1
9618_1.txt,1
3646_1.txt,1
12226_4.txt,1
4148_3.txt,1
8996_4.txt,1
9587_2.txt,1
983_4.txt,1
4620_3.txt,1
2928_1.txt,1
7411_4.txt,1
3330_3.txt,1
8170_1.txt,1
11638_4.txt,1
1840_3.txt,1
8587_2.txt,1
9933_1.txt,1
9291_4.txt,1
8707_3.txt,1
5071_2.txt,1
8742_3.txt,1
11251_4.txt,1
2176_4.txt,1
7098_1.txt,1
9234_1.txt,1
8257_2.txt,1
3935_4.txt,1
712_3.txt,1
496_3.txt,1
100_4.txt,1
1412_3.txt,1
906_4.txt,1
1107_2.txt,1
9854_3.txt,1
10443_3.txt,1
52_4.txt,1
11541_4.txt,1
6768_4.txt,1
8854_3.txt,1
9956_4.txt,1
552_2.txt,1
5973_3.txt,1
3567_4.txt,1
10271_1.txt,1
6489_1.txt,1
569_4.txt,1
8316_3.txt,1
2348_3.txt,1
6469_4.txt,1
11833_4.txt,1
3578_3.txt,1
359_4.txt,1
9526_3.txt,1
9_4.txt,1
1749_4.txt,1
2391_2.txt,1
4602_4.txt,1
1378_1.txt,1
3808_1.txt,1
3684_3.txt,1
7589_4.txt,1
4132_1.txt,1
12493_4.txt,1
11766_2.txt,1
8949_3.txt,1
5095_3.txt,1
10419_4.txt,1
2850_4.txt,1
11419_4.txt,1
5546_4.txt,1
2815_4.txt,1
1267_3.txt,1
5197_4.txt,1
11391_1.txt,1
12455_2.txt,1
10766_3.txt,1
651_1.txt,1
4444_2.txt,1
7732_2.txt,1
8332_3.txt,1
5444_2.txt,1
3931_1.txt,1
10255_1.txt,1
2192_4.txt,1
3404_3.txt,1
4151_3.txt,1
8174_4.txt,1
76_4.txt,1
4700_2.txt,1
9076_3.txt,1
9194_1.txt,1
9288_4.txt,1
1571_4.txt,1
9563_2.txt,1
10137_2.txt,1
1206_3.txt,1
8069_4.txt,1
11498_1.txt,1
5582_1.txt,1
11784_4.txt,1
10355_4.txt,1
346_2.txt,1
4582_1.txt,1
9701_4.txt,1
10784_4.txt,1
2465_2.txt,1
9368_4.txt,1
6181_4.txt,1
7181_4.txt,1
8031_1.txt,1
10950_3.txt,1
11950_3.txt,1
9094_4.txt,1
9355_4.txt,1
11395_4.txt,1
791_4.txt,1
10782_2.txt,1
12258_3.txt,1
6342_3.txt,1
3463_4.txt,1
11502_3.txt,1
10094_4.txt,1
2330_2.txt,1
11_3.txt,1
10400_4.txt,1
10892_4.txt,1
2353_1.txt,1
11445_4.txt,1
6043_3.txt,1
7218_1.txt,1
7947_4.txt,1
2660_3.txt,1
12347_1.txt,1
2911_4.txt,1
5093_4.txt,1
2117_4.txt,1
3050_3.txt,1
2954_4.txt,1
10295_1.txt,1
1138_1.txt,1
11662_2.txt,1
2500_2.txt,1
8664_4.txt,1
9766_3.txt,1
3738_3.txt,1
6572_3.txt,1
13_1.txt,1
11992_1.txt,1
1514_1.txt,1
141_1.txt,1
590_1.txt,1
5337_3.txt,1
2332_2.txt,1
5888_3.txt,1
3314_1.txt,1
11096_4.txt,1
8815_4.txt,1
5518_4.txt,1
4977_4.txt,1
3461_4.txt,1
8578_3.txt,1
5523_2.txt,1
11644_3.txt,1
8786_4.txt,1
11703_4.txt,1
9028_2.txt,1
10133_4.txt,1
3625_1.txt,1
10970_4.txt,1
3539_4.txt,1
8799_3.txt,1
5292_3.txt,1
12144_4.txt,1
5034_1.txt,1
958_4.txt,1
1361_3.txt,1
8049_3.txt,1
2811_3.txt,1
2393_3.txt,1
3605_4.txt,1
5315_4.txt,1
8133_4.txt,1
3234_1.txt,1
2869_3.txt,1
360_3.txt,1
9603_1.txt,1
2996_4.txt,1
3092_3.txt,1
4910_3.txt,1
653_1.txt,1
282_1.txt,1
3915_2.txt,1
2170_1.txt,1
8330_3.txt,1
4848_3.txt,1
3989_3.txt,1
1410_2.txt,1
1436_1.txt,1
9447_4.txt,1
7887_3.txt,1
7552_4.txt,1
11422_1.txt,1
1105_3.txt,1
11210_3.txt,1
11740_2.txt,1
9828_4.txt,1
6653_4.txt,1
469_2.txt,1
4427_3.txt,1
3172_2.txt,1
5893_1.txt,1
5389_4.txt,1
9253_4.txt,1
614_2.txt,1
6303_4.txt,1
697_4.txt,1
1591_2.txt,1
4745_1.txt,1
4459_4.txt,1
3598_4.txt,1
9117_4.txt,1
6496_4.txt,1
7100_3.txt,1
102_4.txt,1
147_4.txt,1
10154_2.txt,1
630_3.txt,1
11742_1.txt,1
5175_1.txt,1
11618_3.txt,1
9209_3.txt,1
8811_1.txt,1
6359_3.txt,1
7147_1.txt,1
2721_1.txt,1
10933_3.txt,1
5231_1.txt,1
9524_3.txt,1
6147_1.txt,1
549_3.txt,1
1302_1.txt,1
6286_1.txt,1
4110_4.txt,1
10316_1.txt,1
6266_4.txt,1
4249_1.txt,1
5012_3.txt,1
4698_1.txt,1
4579_4.txt,1
7570_2.txt,1
9072_4.txt,1
6748_3.txt,1
1258_3.txt,1
9135_3.txt,1
7556_1.txt,1
4356_3.txt,1
4787_3.txt,1
3603_3.txt,1
861_4.txt,1
7961_4.txt,1
12361_1.txt,1
1477_4.txt,1
5356_3.txt,1
3744_4.txt,1
12239_1.txt,1
11216_4.txt,1
8607_4.txt,1
1807_3.txt,1
9154_2.txt,1
35_1.txt,1
12281_1.txt,1
6824_1.txt,1
7802_2.txt,1
9896_3.txt,1
10481_3.txt,1
7022_1.txt,1
9955_3.txt,1
9116_3.txt,1
3335_2.txt,1
8014_4.txt,1
6182_2.txt,1
4330_3.txt,1
7144_4.txt,1
12119_3.txt,1
8097_2.txt,1
2418_2.txt,1
6942_4.txt,1
4277_4.txt,1
3767_4.txt,1
1454_4.txt,1
940_3.txt,1
3486_1.txt,1
4872_3.txt,1
9724_1.txt,1
3785_3.txt,1
11997_1.txt,1
8580_1.txt,1
1824_3.txt,1
9934_2.txt,1
10997_1.txt,1
6842_1.txt,1
5780_2.txt,1
6807_1.txt,1
1554_1.txt,1
5828_4.txt,1
10073_3.txt,1
1323_3.txt,1
8250_1.txt,1
2914_4.txt,1
4500_3.txt,1
3010_3.txt,1
6676_3.txt,1
2816_3.txt,1
8233_2.txt,1
3586_4.txt,1
3523_1.txt,1
1198_4.txt,1
9763_3.txt,1
5033_1.txt,1
2929_4.txt,1
3681_2.txt,1
10525_4.txt,1
10580_1.txt,1
6021_4.txt,1
7064_4.txt,1
3745_3.txt,1
7827_4.txt,1
121_4.txt,1
611_1.txt,1
4896_2.txt,1
7099_4.txt,1
199_4.txt,1
9129_1.txt,1
9235_4.txt,1
12183_4.txt,1
9270_4.txt,1
5154_3.txt,1
3991_4.txt,1
4487_4.txt,1
10460_1.txt,1
1843_4.txt,1
9877_1.txt,1
10425_1.txt,1
1596_3.txt,1
2376_4.txt,1
10446_2.txt,1
5623_4.txt,1
11014_4.txt,1
7962_1.txt,1
11812_4.txt,1
5908_4.txt,1
8719_1.txt,1
6142_2.txt,1
5271_2.txt,1
6927_1.txt,1
10480_4.txt,1
4686_1.txt,1
4257_1.txt,1
9029_4.txt,1
711_4.txt,1
8335_1.txt,1
3936_3.txt,1
792_2.txt,1
2425_3.txt,1
4135_3.txt,1
1697_2.txt,1
8685_4.txt,1
10645_4.txt,1
7107_3.txt,1
10973_1.txt,1
9521_1.txt,1
2626_4.txt,1
9995_2.txt,1
7846_4.txt,1
12489_3.txt,1
9486_3.txt,1
8249_1.txt,1
571_1.txt,1
1238_4.txt,1
10289_1.txt,1
3683_1.txt,1
4889_4.txt,1
5172_1.txt,1
9311_1.txt,1
1039_1.txt,1
12415_2.txt,1
11030_4.txt,1
7960_2.txt,1
10758_4.txt,1
573_3.txt,1
6628_1.txt,1
3352_4.txt,1
5293_4.txt,1
6473_3.txt,1
5152_4.txt,1
12004_2.txt,1
8088_4.txt,1
7363_3.txt,1
1734_4.txt,1
4152_4.txt,1
4583_4.txt,1
1771_4.txt,1
9459_4.txt,1
7633_2.txt,1
409_4.txt,1
339_1.txt,1
1572_3.txt,1
3337_1.txt,1
7986_1.txt,1
5662_1.txt,1
247_2.txt,1
7979_3.txt,1
11599_1.txt,1
11254_4.txt,1
2507_1.txt,1
8446_3.txt,1
6866_1.txt,1
7339_4.txt,1
6046_2.txt,1
5849_4.txt,1
3148_2.txt,1
1902_4.txt,1
6516_1.txt,1
32_3.txt,1
7182_1.txt,1
884_1.txt,1
8_2.txt,1
1535_3.txt,1
2704_4.txt,1
7162_4.txt,1
3390_4.txt,1
2643_3.txt,1
4638_4.txt,1
6999_4.txt,1
7617_1.txt,1
2440_4.txt,1
9761_2.txt,1
9188_3.txt,1
3193_3.txt,1
6324_3.txt,1
224_3.txt,1
9151_2.txt,1
1900_4.txt,1
4780_1.txt,1
8401_3.txt,1
4314_1.txt,1
6821_1.txt,1
11157_4.txt,1
11951_4.txt,1
9893_3.txt,1
2134_4.txt,1
2171_4.txt,1
1693_4.txt,1
11290_2.txt,1
4481_1.txt,1
3505_1.txt,1
2191_1.txt,1
3233_2.txt,1
11991_4.txt,1
3250_1.txt,1
1163_1.txt,1
8540_2.txt,1
11132_1.txt,1
7737_1.txt,1
11602_4.txt,1
9909_1.txt,1
2177_2.txt,1
429_3.txt,1
3208_4.txt,1
11250_2.txt,1
6859_1.txt,1
10929_4.txt,1
243_4.txt,1
2525_4.txt,1
4605_4.txt,1
1820_4.txt,1
5519_1.txt,1
4234_1.txt,1
12344_4.txt,1
6107_1.txt,1
3051_4.txt,1
10747_1.txt,1
670_3.txt,1
7637_4.txt,1
5190_4.txt,1
4894_3.txt,1
10559_3.txt,1
343_1.txt,1
5170_1.txt,1
4976_1.txt,1
3501_4.txt,1
4485_4.txt,1
2993_4.txt,1
938_1.txt,1
12452_3.txt,1
3116_2.txt,1
2973_1.txt,1
9237_4.txt,1
10663_4.txt,1
6713_1.txt,1
635_2.txt,1
9542_1.txt,1
7121_3.txt,1
1431_3.txt,1
166_4.txt,1
123_4.txt,1
9071_3.txt,1
8136_4.txt,1
9832_3.txt,1
3274_1.txt,1
4478_4.txt,1
3462_2.txt,1
11783_4.txt,1
1569_3.txt,1
7079_3.txt,1
10783_4.txt,1
11763_1.txt,1
5520_4.txt,1
825_1.txt,1
3763_2.txt,1
9505_3.txt,1
5255_1.txt,1
11810_4.txt,1
4236_2.txt,1
9093_4.txt,1
10053_4.txt,1
184_3.txt,1
1047_4.txt,1
11095_2.txt,1
7557_4.txt,1
2464_4.txt,1
12022_2.txt,1
796_4.txt,1
6300_3.txt,1
11604_3.txt,1
5194_1.txt,1
2484_1.txt,1
5169_1.txt,1
2479_1.txt,1
10010_2.txt,1
7905_4.txt,1
1456_4.txt,1
11484_2.txt,1
3720_4.txt,1
9053_4.txt,1
1861_1.txt,1
1279_3.txt,1
8761_3.txt,1
5368_4.txt,1
11237_4.txt,1
2521_1.txt,1
3057_3.txt,1
2249_1.txt,1
1266_4.txt,1
6776_4.txt,1
11418_3.txt,1
9562_4.txt,1
5375_1.txt,1
8582_1.txt,1
10521_2.txt,1
6907_2.txt,1
3988_3.txt,1
8403_4.txt,1
11916_3.txt,1
7080_3.txt,1
10423_1.txt,1
7886_3.txt,1
2370_4.txt,1
3466_2.txt,1
5209_4.txt,1
11809_1.txt,1
9294_3.txt,1
326_1.txt,1
7038_3.txt,1
12020_4.txt,1
7750_3.txt,1
12411_1.txt,1
8829_4.txt,1
5351_4.txt,1
2290_4.txt,1
9836_3.txt,1
8971_4.txt,1
3868_3.txt,1
3256_2.txt,1
2129_4.txt,1
708_3.txt,1
12279_4.txt,1
4856_4.txt,1
11499_3.txt,1
4954_3.txt,1
12087_3.txt,1
7383_1.txt,1
12185_4.txt,1
1552_1.txt,1
7042_1.txt,1
7801_1.txt,1
7493_1.txt,1
8157_1.txt,1
3929_2.txt,1
7436_4.txt,1
10991_1.txt,1
5607_3.txt,1
5035_1.txt,1
2639_4.txt,1
672_4.txt,1
1325_3.txt,1
3482_3.txt,1
48_4.txt,1
11296_1.txt,1
9213_1.txt,1
770_3.txt,1
1417_4.txt,1
4128_1.txt,1
882_2.txt,1
9057_4.txt,1
11739_2.txt,1
2333_2.txt,1
8057_4.txt,1
7536_1.txt,1
7341_3.txt,1
7790_3.txt,1
6692_4.txt,1
12474_4.txt,1
10396_4.txt,1
9313_4.txt,1
2871_2.txt,1
6637_1.txt,1
4567_2.txt,1
5465_4.txt,1
4420_4.txt,1
10626_1.txt,1
4465_4.txt,1
4779_1.txt,1
11315_3.txt,1
1632_1.txt,1
5037_2.txt,1
9606_4.txt,1
12161_4.txt,1
7838_4.txt,1
8173_1.txt,1
7086_4.txt,1
1000_3.txt,1
1806_3.txt,1
9507_4.txt,1
2559_4.txt,1
9678_2.txt,1
4336_2.txt,1
1550_2.txt,1
1987_2.txt,1
9337_4.txt,1
4565_1.txt,1
756_1.txt,1
387_1.txt,1
1158_3.txt,1
5111_4.txt,1
10352_1.txt,1
4621_1.txt,1
12380_4.txt,1
8830_4.txt,1
9171_3.txt,1
6749_3.txt,1
2745_4.txt,1
5210_4.txt,1
1531_3.txt,1
7166_4.txt,1
3394_4.txt,1
4255_4.txt,1
927_3.txt,1
5786_3.txt,1
5659_1.txt,1
4890_3.txt,1
6731_3.txt,1
8783_1.txt,1
8763_4.txt,1
7696_1.txt,1
3895_2.txt,1
12490_4.txt,1
11235_3.txt,1
10372_4.txt,1
5703_3.txt,1
8075_2.txt,1
10093_1.txt,1
4601_4.txt,1
4703_3.txt,1
8462_4.txt,1
7103_1.txt,1
6923_2.txt,1
6789_3.txt,1
11171_3.txt,1
12340_4.txt,1
1881_1.txt,1
6940_1.txt,1
6103_1.txt,1
11606_4.txt,1
8683_4.txt,1
676_1.txt,1
8252_4.txt,1
3698_4.txt,1
4094_1.txt,1
3155_1.txt,1
11029_3.txt,1
12104_1.txt,1
6302_4.txt,1
4837_4.txt,1
696_4.txt,1
4970_3.txt,1
8116_4.txt,1
9857_3.txt,1
10678_2.txt,1
11897_3.txt,1
9582_4.txt,1
6497_4.txt,1
3620_4.txt,1
7942_3.txt,1
10173_1.txt,1
6127_2.txt,1
5928_4.txt,1
842_1.txt,1
5251_2.txt,1
7477_3.txt,1
5744_3.txt,1
3313_4.txt,1
4701_3.txt,1
430_4.txt,1
2356_4.txt,1
488_4.txt,1
9663_3.txt,1
2466_1.txt,1
12492_4.txt,1
7263_2.txt,1
11767_2.txt,1
2814_4.txt,1
11977_1.txt,1
1413_3.txt,1
7495_4.txt,1
11191_4.txt,1
4725_2.txt,1
53_4.txt,1
3499_3.txt,1
8053_3.txt,1
1610_4.txt,1
3566_4.txt,1
2523_4.txt,1
568_4.txt,1
3914_1.txt,1
11392_3.txt,1
3647_1.txt,1
4357_1.txt,1
1574_1.txt,1
11912_4.txt,1
2602_1.txt,1
11208_1.txt,1
9407_3.txt,1
8171_1.txt,1
7084_4.txt,1
11639_4.txt,1
9586_2.txt,1
11197_2.txt,1
6287_3.txt,1
1797_3.txt,1
5718_2.txt,1
5212_4.txt,1
8440_1.txt,1
1474_4.txt,1
9091_1.txt,1
1026_2.txt,1
11460_4.txt,1
8704_1.txt,1
5156_4.txt,1
2891_4.txt,1
10350_1.txt,1
9704_1.txt,1
7322_3.txt,1
12063_1.txt,1
10315_1.txt,1
1775_4.txt,1
7959_2.txt,1
6548_4.txt,1
8029_1.txt,1
4072_1.txt,1
10231_4.txt,1
9665_4.txt,1
2544_2.txt,1
8620_4.txt,1
11168_1.txt,1
5072_1.txt,1
6959_3.txt,1
11231_4.txt,1
3168_2.txt,1
2350_3.txt,1
4707_4.txt,1
6803_1.txt,1
946_1.txt,1
591_1.txt,1
7613_2.txt,1
9354_4.txt,1
6635_1.txt,1
11700_4.txt,1
8785_4.txt,1
8354_4.txt,1
6613_2.txt,1
11394_4.txt,1
6343_3.txt,1
1616_3.txt,1
2560_3.txt,1
1751_4.txt,1
412_2.txt,1
7186_2.txt,1
6534_1.txt,1
9421_1.txt,1
10369_4.txt,1
7844_3.txt,1
6140_4.txt,1
12346_1.txt,1
10479_4.txt,1
12456_1.txt,1
2932_3.txt,1
715_4.txt,1
10706_2.txt,1
3464_2.txt,1
11785_4.txt,1
4309_3.txt,1
7879_3.txt,1
6138_4.txt,1
11213_3.txt,1
10354_4.txt,1
9700_4.txt,1
984_3.txt,1
10442_2.txt,1
8095_4.txt,1
5949_4.txt,1
8893_4.txt,1
7239_4.txt,1
2743_1.txt,1
8503_3.txt,1
95_3.txt,1
8991_3.txt,1
5463_1.txt,1
11620_4.txt,1
9948_2.txt,1
10767_3.txt,1
11988_2.txt,1
8333_3.txt,1
2584_2.txt,1
3136_1.txt,1
9559_4.txt,1
5115_3.txt,1
363_3.txt,1
5017_4.txt,1
5854_4.txt,1
2193_4.txt,1
5811_4.txt,1
8130_4.txt,1
4539_3.txt,1
6708_4.txt,1
9130_4.txt,1
11930_2.txt,1
3606_4.txt,1
12266_1.txt,1
11975_2.txt,1
6025_4.txt,1
12240_2.txt,1
2281_3.txt,1
12377_1.txt,1
10842_1.txt,1
10789_4.txt,1
832_4.txt,1
7932_4.txt,1
9925_3.txt,1
7619_4.txt,1
11430_4.txt,1
64_3.txt,1
3416_4.txt,1
4143_4.txt,1
418_4.txt,1
1377_2.txt,1
2864_1.txt,1
1949_3.txt,1
6888_3.txt,1
8267_3.txt,1
3027_1.txt,1
10003_3.txt,1
11144_4.txt,1
8510_4.txt,1
12277_4.txt,1
8457_3.txt,1
442_3.txt,1
1052_3.txt,1
7091_4.txt,1
2226_4.txt,1
2984_1.txt,1
2516_1.txt,1
10588_1.txt,1
7643_3.txt,1
4472_4.txt,1
1251_4.txt,1
3964_4.txt,1
3823_3.txt,1
1996_4.txt,1
11944_2.txt,1
8553_2.txt,1
6014_4.txt,1
2548_2.txt,1
1170_1.txt,1
4898_4.txt,1
1229_4.txt,1
9497_3.txt,1
2573_4.txt,1
11179_4.txt,1
2536_4.txt,1
3471_3.txt,1
4820_4.txt,1
2649_2.txt,1
11243_2.txt,1
4452_1.txt,1
538_4.txt,1
11654_4.txt,1
11827_4.txt,1
9577_3.txt,1
2737_1.txt,1
2343_4.txt,1
10410_1.txt,1
5751_3.txt,1
6215_1.txt,1
8731_4.txt,1
4081_3.txt,1
7624_4.txt,1
6763_3.txt,1
9363_2.txt,1
11772_2.txt,1
9345_1.txt,1
3378_3.txt,1
11635_4.txt,1
294_1.txt,1
1236_2.txt,1
7700_1.txt,1
11241_1.txt,1
2980_4.txt,1
527_2.txt,1
9160_4.txt,1
1699_4.txt,1
8062_3.txt,1
9125_4.txt,1
27_4.txt,1
2222_1.txt,1
7758_4.txt,1
9821_3.txt,1
8966_4.txt,1
9062_3.txt,1
3204_2.txt,1
11571_4.txt,1
10960_2.txt,1
175_4.txt,1
2860_4.txt,1
700_4.txt,1
2927_3.txt,1
4102_1.txt,1
9381_4.txt,1
5941_1.txt,1
389_1.txt,1
9840_2.txt,1
1011_4.txt,1
11593_3.txt,1
6269_4.txt,1
9182_3.txt,1
8708_1.txt,1
8080_4.txt,1
8451_4.txt,1
6292_2.txt,1
5187_1.txt,1
8018_1.txt,1
5513_1.txt,1
2689_3.txt,1
2060_2.txt,1
6254_4.txt,1
4_4.txt,1
4924_4.txt,1
7787_3.txt,1
7685_4.txt,1
354_4.txt,1
7148_1.txt,1
3324_2.txt,1
421_1.txt,1
8040_4.txt,1
6995_2.txt,1
8142_3.txt,1
2324_2.txt,1
3302_1.txt,1
11182_3.txt,1
1445_4.txt,1
10339_4.txt,1
5119_2.txt,1
1400_4.txt,1
157_3.txt,1
6814_3.txt,1
1169_1.txt,1
3940_4.txt,1
2180_2.txt,1
11918_2.txt,1
4067_1.txt,1
2345_3.txt,1
2696_4.txt,1
2918_1.txt,1
11514_1.txt,1
3345_3.txt,1
5839_4.txt,1
5178_3.txt,1
10125_4.txt,1
1890_4.txt,1
10495_2.txt,1
6010_3.txt,1
10044_2.txt,1
7523_1.txt,1
8903_3.txt,1
4610_1.txt,1
8105_3.txt,1
7785_3.txt,1
6785_3.txt,1
6479_3.txt,1
7667_1.txt,1
3358_4.txt,1
951_1.txt,1
11258_2.txt,1
9573_4.txt,1
3631_1.txt,1
932_2.txt,1
6851_1.txt,1
10162_4.txt,1
10921_4.txt,1
3568_4.txt,1
8164_2.txt,1
10984_1.txt,1
3796_3.txt,1
9735_3.txt,1
909_4.txt,1
6370_2.txt,1
2575_1.txt,1
6809_4.txt,1
5800_2.txt,1
3669_4.txt,1
9243_1.txt,1
2258_1.txt,1
2285_4.txt,1
7077_4.txt,1
4697_3.txt,1
4730_1.txt,1
7097_1.txt,1
197_1.txt,1
1933_2.txt,1
2179_4.txt,1
11692_1.txt,1
5102_3.txt,1
4788_1.txt,1
5904_3.txt,1
9263_4.txt,1
1257_1.txt,1
4474_1.txt,1
11637_4.txt,1
8180_3.txt,1
11378_2.txt,1
4201_1.txt,1
871_1.txt,1
5695_1.txt,1
6095_3.txt,1
9495_2.txt,1
1850_4.txt,1
3398_4.txt,1
10859_1.txt,1
12070_4.txt,1
0_2.txt,1
12172_3.txt,1
2749_4.txt,1
10529_3.txt,1
8879_4.txt,1
2925_2.txt,1
6538_3.txt,1
7763_1.txt,1
3166_2.txt,1
10204_2.txt,1
6681_3.txt,1
4965_3.txt,1
5061_4.txt,1
7215_3.txt,1
9676_1.txt,1
1974_1.txt,1
3690_1.txt,1
562_1.txt,1
2118_4.txt,1
4732_2.txt,1
3222_2.txt,1
955_4.txt,1
3737_3.txt,1
153_4.txt,1
12236_2.txt,1
9986_2.txt,1
269_2.txt,1
6761_3.txt,1
2491_4.txt,1
624_3.txt,1
3319_1.txt,1
8361_2.txt,1
1889_4.txt,1
12485_4.txt,1
1393_1.txt,1
8776_4.txt,1
10265_3.txt,1
4382_3.txt,1
8497_1.txt,1
12478_4.txt,1
560_3.txt,1
10086_1.txt,1
9432_4.txt,1
11319_2.txt,1
8530_3.txt,1
6582_1.txt,1
5246_2.txt,1
7308_3.txt,1
12257_3.txt,1
810_1.txt,1
706_1.txt,1
8322_4.txt,1
7665_2.txt,1
9367_4.txt,1
4218_1.txt,1
7335_3.txt,1
3708_1.txt,1
4902_4.txt,1
8023_4.txt,1
1074_2.txt,1
9121_3.txt,1
9860_4.txt,1
8927_3.txt,1
4634_1.txt,1
6193_1.txt,1
8434_2.txt,1
1463_4.txt,1
8471_2.txt,1
9880_1.txt,1
12330_1.txt,1
4240_4.txt,1
1524_3.txt,1
875_4.txt,1
11046_1.txt,1
9649_3.txt,1
6706_4.txt,1
2821_3.txt,1
2239_1.txt,1
7372_1.txt,1
5004_1.txt,1
6354_2.txt,1
3608_4.txt,1
6372_1.txt,1
4802_1.txt,1
8754_3.txt,1
7191_3.txt,1
1813_3.txt,1
542_4.txt,1
9557_4.txt,1
11807_3.txt,1
8882_3.txt,1
5198_1.txt,1
3794_4.txt,1
3468_4.txt,1
12253_3.txt,1
851_1.txt,1
6171_2.txt,1
11027_4.txt,1
8473_4.txt,1
3905_3.txt,1
2842_4.txt,1
1008_2.txt,1
10774_2.txt,1
2807_4.txt,1
2044_4.txt,1
9859_4.txt,1
11224_3.txt,1
8448_2.txt,1
3475_1.txt,1
9737_4.txt,1
5945_2.txt,1
8670_3.txt,1
6687_1.txt,1
2769_4.txt,1
7213_1.txt,1
787_1.txt,1
9142_4.txt,1
1133_1.txt,1
3245_1.txt,1
6423_1.txt,1
8803_3.txt,1
40_4.txt,1
9803_3.txt,1
9491_3.txt,1
5449_4.txt,1
7851_4.txt,1
1094_3.txt,1
7057_4.txt,1
816_3.txt,1
4411_1.txt,1
11715_3.txt,1
479_3.txt,1
5411_1.txt,1
1214_2.txt,1
1680_2.txt,1
6390_2.txt,1
6741_2.txt,1
4122_3.txt,1
256_4.txt,1
1603_4.txt,1
8429_3.txt,1
12291_1.txt,1
991_4.txt,1
1485_3.txt,1
2265_4.txt,1
9101_2.txt,1
10491_3.txt,1
1567_1.txt,1
4489_4.txt,1
12128_1.txt,1
3548_4.txt,1
8694_2.txt,1
3927_4.txt,1
12190_1.txt,1
6396_4.txt,1
11285_2.txt,1
8283_4.txt,1
7829_4.txt,1
276_1.txt,1
5788_4.txt,1
891_1.txt,1
5569_4.txt,1
4653_2.txt,1
658_3.txt,1
9864_4.txt,1
4630_1.txt,1
8430_2.txt,1
7075_3.txt,1
834_4.txt,1
6030_3.txt,1
11801_1.txt,1
2385_4.txt,1
2827_1.txt,1
1149_3.txt,1
8326_4.txt,1
11737_4.txt,1
7088_3.txt,1
188_3.txt,1
5985_2.txt,1
12404_4.txt,1
9509_3.txt,1
4496_3.txt,1
5145_4.txt,1
4841_3.txt,1
8676_4.txt,1
9731_3.txt,1
1664_2.txt,1
8509_2.txt,1
6848_4.txt,1
9633_4.txt,1
10287_1.txt,1
4415_4.txt,1
626_4.txt,1
7053_1.txt,1
10021_3.txt,1
10166_4.txt,1
10925_4.txt,1
5616_3.txt,1
7560_3.txt,1
9940_1.txt,1
3118_1.txt,1
8125_2.txt,1
11512_1.txt,1
4161_4.txt,1
5124_4.txt,1
1605_3.txt,1
5967_4.txt,1
7663_1.txt,1
9200_3.txt,1
9302_4.txt,1
3005_1.txt,1
11803_2.txt,1
7857_3.txt,1
12310_1.txt,1
1406_4.txt,1
2429_1.txt,1
9886_2.txt,1
10040_2.txt,1
2790_1.txt,1
11457_4.txt,1
1874_1.txt,1
2959_3.txt,1
7254_2.txt,1
8654_3.txt,1
6272_1.txt,1
2477_2.txt,1
4961_2.txt,1
7968_4.txt,1
4167_2.txt,1
7988_1.txt,1
9838_4.txt,1
12400_1.txt,1
6606_4.txt,1
3381_1.txt,1
10046_4.txt,1
9510_3.txt,1
3263_3.txt,1
2038_1.txt,1
12395_1.txt,1
2514_4.txt,1
3551_4.txt,1
9267_4.txt,1
3125_1.txt,1
10146_1.txt,1
4340_4.txt,1
4771_1.txt,1
9862_3.txt,1
4757_2.txt,1
9064_3.txt,1
8862_1.txt,1
6442_3.txt,1
8844_2.txt,1
7442_3.txt,1
1015_4.txt,1
8557_3.txt,1
12332_4.txt,1
8980_3.txt,1
5242_1.txt,1
4648_2.txt,1
2608_3.txt,1
2430_2.txt,1
6213_2.txt,1
2694_2.txt,1
9164_4.txt,1
2200_2.txt,1
9023_3.txt,1
9066_3.txt,1
2263_1.txt,1
5342_4.txt,1
8982_1.txt,1
10127_2.txt,1
11689_4.txt,1
10595_1.txt,1
10907_1.txt,1
10942_1.txt,1
5085_2.txt,1
9220_4.txt,1
5437_1.txt,1
1277_2.txt,1
2553_4.txt,1
4590_3.txt,1
3451_3.txt,1
12133_1.txt,1
9611_1.txt,1
1976_4.txt,1
6460_4.txt,1
2692_4.txt,1
10536_2.txt,1
6077_2.txt,1
11066_3.txt,1
10285_1.txt,1
3901_4.txt,1
4550_3.txt,1
5885_4.txt,1
3184_2.txt,1
5820_1.txt,1
109_4.txt,1
1640_1.txt,1
8733_3.txt,1
1876_1.txt,1
9358_1.txt,1
8940_3.txt,1
4978_1.txt,1
8453_2.txt,1
8475_1.txt,1
2772_4.txt,1
6482_3.txt,1
11385_4.txt,1
11711_4.txt,1
1028_4.txt,1
12013_1.txt,1
350_4.txt,1
6317_3.txt,1
7331_1.txt,1
231_1.txt,1
12137_4.txt,1
3186_1.txt,1
8247_2.txt,1
6088_1.txt,1
6745_4.txt,1
7030_1.txt,1
11980_2.txt,1
8597_2.txt,1
1056_3.txt,1
289_1.txt,1
195_4.txt,1
544_4.txt,1
12072_1.txt,1
5494_3.txt,1
374_4.txt,1
1666_3.txt,1
11341_1.txt,1
459_4.txt,1
5533_1.txt,1
763_2.txt,1
2846_2.txt,1
3860_1.txt,1
5768_3.txt,1
5344_3.txt,1
6130_4.txt,1
7834_3.txt,1
11846_1.txt,1
836_4.txt,1
6871_3.txt,1
6834_3.txt,1
9964_3.txt,1
10573_3.txt,1
3838_4.txt,1
1817_1.txt,1
10728_1.txt,1
6195_1.txt,1
372_2.txt,1
9770_4.txt,1
5924_1.txt,1
10263_3.txt,1
2805_4.txt,1
4883_3.txt,1
4513_4.txt,1
3776_1.txt,1
6953_1.txt,1
4223_1.txt,1
12251_3.txt,1
11025_4.txt,1
3750_2.txt,1
7698_4.txt,1
8491_1.txt,1
8319_4.txt,1
11451_1.txt,1
1872_4.txt,1
566_3.txt,1
6_3.txt,1
7354_4.txt,1
6048_1.txt,1
11383_3.txt,1
2966_2.txt,1
1682_2.txt,1
10717_3.txt,1
9792_3.txt,1
4221_3.txt,1
9186_2.txt,1
9628_4.txt,1
7951_3.txt,1
4712_1.txt,1
3202_1.txt,1
8591_4.txt,1
42_4.txt,1
11180_4.txt,1
2247_1.txt,1
1583_2.txt,1
10947_3.txt,1
2266_3.txt,1
4101_1.txt,1
7214_2.txt,1
8469_2.txt,1
8753_4.txt,1
332_1.txt,1
3924_3.txt,1
7539_2.txt,1
970_4.txt,1
5794_4.txt,1
10945_1.txt,1
1566_4.txt,1
1523_4.txt,1
11435_3.txt,1
5752_2.txt,1
1798_3.txt,1
6461_2.txt,1
2264_1.txt,1
4597_3.txt,1
2299_1.txt,1
10221_2.txt,1
5146_3.txt,1
4001_4.txt,1
11734_3.txt,1
625_2.txt,1
646_1.txt,1
3900_2.txt,1
12352_3.txt,1
11920_4.txt,1
11126_4.txt,1
170_2.txt,1
9572_4.txt,1
3630_1.txt,1
6056_1.txt,1
1546_1.txt,1
2282_2.txt,1
420_3.txt,1
8165_2.txt,1
4448_1.txt,1
9106_1.txt,1
11262_4.txt,1
10158_2.txt,1
7149_3.txt,1
12114_4.txt,1
3531_1.txt,1
9242_1.txt,1
9958_4.txt,1
1891_4.txt,1
4220_4.txt,1
12350_1.txt,1
4637_2.txt,1
9492_4.txt,1
3344_1.txt,1
3768_1.txt,1
4278_1.txt,1
7310_3.txt,1
12077_2.txt,1
10301_2.txt,1
8773_1.txt,1
4573_2.txt,1
9078_2.txt,1
705_2.txt,1
1252_4.txt,1
578_2.txt,1
7291_3.txt,1
3922_4.txt,1
1948_1.txt,1
2922_4.txt,1
4536_3.txt,1
2161_4.txt,1
98_1.txt,1
969_4.txt,1
5005_1.txt,1
273_1.txt,1
6128_3.txt,1
2515_1.txt,1
3181_1.txt,1
4491_1.txt,1
8710_3.txt,1
9657_4.txt,1
3987_1.txt,1
7504_3.txt,1
1153_4.txt,1
10550_2.txt,1
8981_4.txt,1
6817_2.txt,1
10806_3.txt,1
154_2.txt,1
4341_1.txt,1
7011_2.txt,1
6419_3.txt,1
2867_1.txt,1
8323_4.txt,1
10408_2.txt,1
12389_1.txt,1
12401_4.txt,1
8549_3.txt,1
4219_1.txt,1
5493_3.txt,1
3183_3.txt,1
6334_3.txt,1
11303_1.txt,1
9963_3.txt,1
5529_4.txt,1
1208_3.txt,1
7543_1.txt,1
2039_4.txt,1
12296_3.txt,1
3325_1.txt,1
9067_4.txt,1
5613_2.txt,1
11867_2.txt,1
6172_4.txt,1
6070_3.txt,1
2751_4.txt,1
6248_2.txt,1
9648_3.txt,1
8087_1.txt,1
831_4.txt,1
12093_2.txt,1
8346_1.txt,1
8158_3.txt,1
7189_2.txt,1
1337_4.txt,1
9819_4.txt,1
12349_1.txt,1
4239_4.txt,1
9688_3.txt,1
11413_1.txt,1
1073_4.txt,1
3305_4.txt,1
4224_1.txt,1
7309_3.txt,1
8709_2.txt,1
3428_4.txt,1
4080_1.txt,1
11384_3.txt,1
3947_1.txt,1
1254_2.txt,1
6744_2.txt,1
5708_4.txt,1
9139_2.txt,1
682_4.txt,1
6680_3.txt,1
2570_4.txt,1
2437_3.txt,1
6316_4.txt,1
1988_1.txt,1
7094_2.txt,1
9941_4.txt,1
11454_3.txt,1
8000_3.txt,1
10981_4.txt,1
8102_4.txt,1
9806_3.txt,1
2240_1.txt,1
152_4.txt,1
12237_2.txt,1
6483_4.txt,1
3671_4.txt,1
6017_4.txt,1
6581_1.txt,1
6913_1.txt,1
5263_1.txt,1
12254_3.txt,1
738_1.txt,1
1930_3.txt,1
8806_1.txt,1
9865_2.txt,1
7561_4.txt,1
1328_1.txt,1
4283_4.txt,1
1390_1.txt,1
9775_4.txt,1
4942_2.txt,1
11078_1.txt,1
2492_4.txt,1
11710_1.txt,1
4984_4.txt,1
1370_4.txt,1
7050_4.txt,1
6152_3.txt,1
7015_4.txt,1
11279_4.txt,1
10279_4.txt,1
5509_3.txt,1
2221_2.txt,1
1171_1.txt,1
7738_4.txt,1
524_1.txt,1
6402_2.txt,1
6682_3.txt,1
3592_1.txt,1
7746_2.txt,1
9244_4.txt,1
11284_4.txt,1
11496_3.txt,1
2589_2.txt,1
9279_4.txt,1
8592_2.txt,1
1016_3.txt,1
128_4.txt,1
2517_1.txt,1
2574_2.txt,1
4436_4.txt,1
9839_3.txt,1
10788_4.txt,1
6135_4.txt,1
2614_3.txt,1
6170_4.txt,1
6072_3.txt,1
3614_3.txt,1
8454_1.txt,1
8826_4.txt,1
3301_2.txt,1
10533_3.txt,1
6190_1.txt,1
6271_4.txt,1
7336_3.txt,1
8736_2.txt,1
3885_4.txt,1
12480_2.txt,1
5536_1.txt,1
8364_4.txt,1
419_4.txt,1
7889_3.txt,1
10775_4.txt,1
11677_2.txt,1
1168_1.txt,1
7623_3.txt,1
6764_4.txt,1
6478_1.txt,1
8240_1.txt,1
2576_1.txt,1
808_3.txt,1
9634_4.txt,1
9528_1.txt,1
12153_4.txt,1
65_2.txt,1
1269_1.txt,1
9590_1.txt,1
9122_2.txt,1
2203_4.txt,1
952_1.txt,1
10820_3.txt,1
9437_3.txt,1
4749_3.txt,1
1352_2.txt,1
11653_3.txt,1
742_2.txt,1
3496_1.txt,1
11978_3.txt,1
5064_3.txt,1
5_4.txt,1
12208_3.txt,1
5123_4.txt,1
11415_4.txt,1
9490_4.txt,1
1401_4.txt,1
852_4.txt,1
9087_2.txt,1
1197_3.txt,1
2732_4.txt,1
6013_3.txt,1
9881_2.txt,1
11771_1.txt,1
701_4.txt,1
7558_1.txt,1
3165_3.txt,1
1213_3.txt,1
5430_3.txt,1
1354_4.txt,1
11693_3.txt,1
3456_1.txt,1
3087_1.txt,1
7169_4.txt,1
2413_1.txt,1
5103_1.txt,1
6096_3.txt,1
11729_4.txt,1
1112_3.txt,1
81_3.txt,1
9183_3.txt,1
8362_3.txt,1
9260_4.txt,1
10736_3.txt,1
1237_2.txt,1
4595_3.txt,1
3556_4.txt,1
4805_4.txt,1
4497_4.txt,1
2883_3.txt,1
5750_2.txt,1
9063_3.txt,1
7837_4.txt,1
8609_4.txt,1
2384_3.txt,1
8843_4.txt,1
6196_2.txt,1
7524_1.txt,1
4617_1.txt,1
8941_3.txt,1
11981_3.txt,1
6956_4.txt,1
7115_4.txt,1
7150_4.txt,1
1995_3.txt,1
9885_2.txt,1
8301_4.txt,1
8203_3.txt,1
2826_2.txt,1
2535_3.txt,1
5025_3.txt,1
9469_4.txt,1
10307_2.txt,1
3570_3.txt,1
10185_1.txt,1
4383_4.txt,1
11185_1.txt,1
1830_3.txt,1
9920_2.txt,1
11165_4.txt,1
7856_1.txt,1
12256_4.txt,1
10963_4.txt,1
9589_4.txt,1
1270_4.txt,1
11610_1.txt,1
4514_3.txt,1
2143_4.txt,1
11178_1.txt,1
7008_4.txt,1
8022_3.txt,1
8861_3.txt,1
8120_4.txt,1
541_1.txt,1
2978_4.txt,1
2653_4.txt,1
229_1.txt,1
11259_4.txt,1
12250_2.txt,1
6833_4.txt,1
889_3.txt,1
623_2.txt,1
2920_1.txt,1
10201_1.txt,1
5378_2.txt,1
3985_4.txt,1
12188_3.txt,1
7190_4.txt,1
1014_4.txt,1
6618_1.txt,1
8006_2.txt,1
9085_4.txt,1
12376_4.txt,1
6915_2.txt,1
2063_4.txt,1
6393_3.txt,1
7640_4.txt,1
11716_2.txt,1
2967_3.txt,1
9755_4.txt,1
1702_2.txt,1
598_1.txt,1
255_4.txt,1
4121_3.txt,1
6784_4.txt,1
9939_2.txt,1
1683_2.txt,1
1097_3.txt,1
10102_2.txt,1
10609_1.txt,1
2489_3.txt,1
11181_4.txt,1
9043_3.txt,1
8947_4.txt,1
2919_4.txt,1
8141_4.txt,1
6894_2.txt,1
2081_2.txt,1
4166_1.txt,1
2415_2.txt,1
3338_2.txt,1
2145_3.txt,1
2714_2.txt,1
1177_3.txt,1
10476_2.txt,1
779_1.txt,1
567_3.txt,1
4287_4.txt,1
10081_1.txt,1
5754_3.txt,1
2695_3.txt,1
7377_3.txt,1
10340_1.txt,1
11323_2.txt,1
10305_1.txt,1
4495_3.txt,1
744_1.txt,1
11004_1.txt,1
837_4.txt,1
7268_1.txt,1
8126_3.txt,1
4676_1.txt,1
12071_3.txt,1
2556_1.txt,1
1579_4.txt,1
2748_3.txt,1
2399_3.txt,1
8716_3.txt,1
8878_3.txt,1
6701_4.txt,1
4575_3.txt,1
7395_4.txt,1
8139_4.txt,1
1193_2.txt,1
2612_1.txt,1
7017_2.txt,1
288_1.txt,1
7759_1.txt,1
3119_2.txt,1
1814_3.txt,1
5674_1.txt,1
10535_3.txt,1
2939_3.txt,1
12390_4.txt,1
4245_4.txt,1
10043_1.txt,1
11218_3.txt,1
5347_3.txt,1
6935_4.txt,1
6031_3.txt,1
6458_3.txt,1
3006_2.txt,1
725_2.txt,1
3020_1.txt,1
7089_3.txt,1
12405_4.txt,1
3411_4.txt,1
8508_3.txt,1
5595_4.txt,1
5942_4.txt,1
547_4.txt,1
61_1.txt,1
502_4.txt,1
133_1.txt,1
12337_3.txt,1
11945_4.txt,1
9415_3.txt,1
11655_2.txt,1
8039_3.txt,1
4430_4.txt,1
9227_1.txt,1
3824_3.txt,1
8978_4.txt,1
251_2.txt,1
3185_1.txt,1
190_2.txt,1
10552_4.txt,1
8041_3.txt,1
5385_1.txt,1
11183_4.txt,1
5320_4.txt,1
7850_4.txt,1
7585_3.txt,1
1233_1.txt,1
3145_1.txt,1
8305_3.txt,1
6766_1.txt,1
1068_3.txt,1
7766_1.txt,1
8242_4.txt,1
9305_3.txt,1
5827_4.txt,1
12151_1.txt,1
6786_4.txt,1
7028_2.txt,1
4285_4.txt,1
6113_1.txt,1
10124_3.txt,1
1460_2.txt,1
6519_2.txt,1
9858_4.txt,1
1747_1.txt,1
7049_3.txt,1
10058_2.txt,1
5846_4.txt,1
5491_4.txt,1
3515_4.txt,1
12130_1.txt,1
1009_3.txt,1
12217_2.txt,1
876_3.txt,1
2716_3.txt,1
6037_4.txt,1
7799_2.txt,1
7618_3.txt,1
7420_2.txt,1
6092_1.txt,1
7443_1.txt,1
9428_2.txt,1
3126_3.txt,1
10714_2.txt,1
9791_2.txt,1
2338_1.txt,1
7578_2.txt,1
3024_4.txt,1
3867_4.txt,1
10100_3.txt,1
7974_1.txt,1
8881_4.txt,1
4737_3.txt,1
9861_1.txt,1
6994_4.txt,1
9824_1.txt,1
10839_4.txt,1
4160_4.txt,1
5821_3.txt,1
1743_4.txt,1
9777_1.txt,1
3_4.txt,1
9380_2.txt,1
849_1.txt,1
5966_4.txt,1
6314_3.txt,1
2004_1.txt,1
7601_2.txt,1
8201_3.txt,1
3004_1.txt,1
539_3.txt,1
10757_4.txt,1
9433_1.txt,1
12311_1.txt,1
10824_1.txt,1
9887_2.txt,1
4899_3.txt,1
5281_1.txt,1
11456_4.txt,1
8943_3.txt,1
7849_4.txt,1
1418_3.txt,1
5866_1.txt,1
1272_4.txt,1
10657_1.txt,1
11612_1.txt,1
3492_3.txt,1
8533_4.txt,1
4796_2.txt,1
9431_3.txt,1
10924_4.txt,1
3240_4.txt,1
9102_1.txt,1
6524_3.txt,1
563_4.txt,1
11556_1.txt,1
