4715_9.txt,0
4667_7.txt,0
5568_8.txt,0
803_10.txt,0
6133_8.txt,0
903_10.txt,0
6644_10.txt,0
9028_7.txt,0
662_9.txt,0
7795_10.txt,0
9591_10.txt,0
6655_7.txt,0
2411_8.txt,0
4595_8.txt,0
3928_7.txt,0
5509_9.txt,0
6932_10.txt,0
4774_8.txt,0
8423_10.txt,0
8618_7.txt,0
10209_7.txt,0
6826_7.txt,0
7703_8.txt,0
293_10.txt,0
3547_7.txt,0
4486_7.txt,0
5125_9.txt,0
11517_8.txt,0
5635_9.txt,0
10323_10.txt,0
3630_8.txt,0
1503_8.txt,0
688_7.txt,0
4829_7.txt,0
113_8.txt,0
6730_7.txt,0
8303_10.txt,0
5064_8.txt,0
8050_7.txt,0
8122_9.txt,0
1103_10.txt,0
8531_10.txt,0
8260_10.txt,0
7100_7.txt,0
1598_10.txt,0
1376_8.txt,0
5184_8.txt,0
7623_8.txt,0
7666_8.txt,0
667_10.txt,0
2422_7.txt,0
2823_10.txt,0
12123_7.txt,0
1241_7.txt,0
3974_7.txt,0
5848_7.txt,0
7831_8.txt,0
12222_7.txt,0
6286_10.txt,0
4763_7.txt,0
467_9.txt,0
987_7.txt,0
1834_9.txt,0
9924_8.txt,0
7357_10.txt,0
11764_7.txt,0
742_8.txt,0
1382_10.txt,0
5534_8.txt,0
10376_10.txt,0
4099_9.txt,0
11420_7.txt,0
5732_10.txt,0
5743_10.txt,0
11925_10.txt,0
7119_7.txt,0
734_7.txt,0
7634_7.txt,0
7469_10.txt,0
10456_10.txt,0
5507_7.txt,0
4193_7.txt,0
81_9.txt,0
9420_7.txt,0
5589_10.txt,0
1708_7.txt,0
1157_9.txt,0
6096_9.txt,0
9496_8.txt,0
6123_10.txt,0
9841_8.txt,0
8515_10.txt,0
3526_7.txt,0
949_8.txt,0
9295_10.txt,0
589_10.txt,0
2902_8.txt,0
12384_10.txt,0
7133_9.txt,0
5835_10.txt,0
1514_7.txt,0
3983_10.txt,0
9952_7.txt,0
10194_7.txt,0
10500_7.txt,0
629_7.txt,0
10997_10.txt,0
4446_10.txt,0
2780_7.txt,0
5641_7.txt,0
10454_8.txt,0
5733_9.txt,0
4290_7.txt,0
3780_7.txt,0
11991_10.txt,0
10590_9.txt,0
3050_7.txt,0
4228_7.txt,0
8860_10.txt,0
8469_8.txt,0
3472_8.txt,0
12173_9.txt,0
10502_7.txt,0
9587_7.txt,0
10963_8.txt,0
945_7.txt,0
872_9.txt,0
11926_8.txt,0
1259_10.txt,0
6275_9.txt,0
11550_10.txt,0
1617_7.txt,0
2881_9.txt,0
10581_10.txt,0
11270_10.txt,0
11796_10.txt,0
6885_7.txt,0
4287_9.txt,0
4613_9.txt,0
7417_7.txt,0
10024_9.txt,0
11950_7.txt,0
4483_10.txt,0
9928_7.txt,0
2047_9.txt,0
7705_10.txt,0
3499_10.txt,0
10325_9.txt,0
11325_9.txt,0
8911_10.txt,0
1014_8.txt,0
3028_7.txt,0
896_8.txt,0
11045_8.txt,0
7380_10.txt,0
6998_7.txt,0
740_8.txt,0
12378_7.txt,0
11795_8.txt,0
6355_9.txt,0
11313_10.txt,0
7355_8.txt,0
11246_10.txt,0
5401_7.txt,0
8751_10.txt,0
8000_10.txt,0
3149_10.txt,0
10550_8.txt,0
9437_10.txt,0
9379_9.txt,0
5745_7.txt,0
9680_10.txt,0
10515_8.txt,0
7001_10.txt,0
6697_7.txt,0
5801_9.txt,0
4909_10.txt,0
346_7.txt,0
2496_8.txt,0
9316_7.txt,0
4658_7.txt,0
1880_7.txt,0
3706_10.txt,0
182_10.txt,0
6699_8.txt,0
12438_10.txt,0
4249_7.txt,0
9707_7.txt,0
8707_7.txt,0
2240_10.txt,0
4521_7.txt,0
837_8.txt,0
6513_7.txt,0
4665_7.txt,0
12136_8.txt,0
9546_10.txt,0
12239_7.txt,0
644_8.txt,0
12180_7.txt,0
5778_7.txt,0
1211_8.txt,0
2223_10.txt,0
10600_10.txt,0
11080_10.txt,0
4311_7.txt,0
6861_7.txt,0
12138_7.txt,0
5776_8.txt,0
6031_9.txt,0
4628_10.txt,0
4134_7.txt,0
7108_8.txt,0
11540_10.txt,0
11449_8.txt,0
5029_7.txt,0
8887_9.txt,0
9567_7.txt,0
10645_10.txt,0
5390_7.txt,0
9380_9.txt,0
2638_7.txt,0
9714_9.txt,0
9908_7.txt,0
4405_7.txt,0
7295_9.txt,0
9252_10.txt,0
2956_7.txt,0
5405_7.txt,0
1311_9.txt,0
9352_10.txt,0
163_7.txt,0
11698_10.txt,0
12179_7.txt,0
2998_8.txt,0
11338_9.txt,0
12463_10.txt,0
5857_7.txt,0
12132_8.txt,0
8428_9.txt,0
8610_8.txt,0
6327_7.txt,0
6705_8.txt,0
3163_8.txt,0
10487_7.txt,0
11967_9.txt,0
11993_10.txt,0
8890_7.txt,0
9826_8.txt,0
10106_10.txt,0
8826_8.txt,0
5756_9.txt,0
11260_10.txt,0
10357_7.txt,0
4659_10.txt,0
11357_7.txt,0
9671_9.txt,0
753_7.txt,0
5525_7.txt,0
8777_10.txt,0
9828_7.txt,0
6721_8.txt,0
10399_10.txt,0
10543_7.txt,0
5387_8.txt,0
8954_7.txt,0
11192_7.txt,0
8583_7.txt,0
2753_9.txt,0
8570_8.txt,0
3920_9.txt,0
3485_7.txt,0
10287_10.txt,0
819_7.txt,0
4772_9.txt,0
10874_7.txt,0
1373_10.txt,0
9426_7.txt,0
7917_8.txt,0
9511_9.txt,0
10284_9.txt,0
4577_8.txt,0
6295_8.txt,0
5229_10.txt,0
12216_10.txt,0
395_8.txt,0
7003_10.txt,0
12339_7.txt,0
4953_7.txt,0
9456_10.txt,0
5633_8.txt,0
9037_7.txt,0
2673_9.txt,0
6268_8.txt,0
10802_8.txt,0
3667_10.txt,0
3492_9.txt,0
10098_9.txt,0
10395_10.txt,0
9448_10.txt,0
2174_7.txt,0
1148_8.txt,0
3036_10.txt,0
9775_9.txt,0
4700_10.txt,0
229_10.txt,0
4283_9.txt,0
556_7.txt,0
10800_8.txt,0
1012_8.txt,0
7502_8.txt,0
10424_7.txt,0
1789_7.txt,0
7316_9.txt,0
9753_8.txt,0
2447_7.txt,0
3256_10.txt,0
9203_9.txt,0
3020_8.txt,0
2065_8.txt,0
7646_8.txt,0
12416_7.txt,0
3610_8.txt,0
11913_7.txt,0
2428_9.txt,0
11861_9.txt,0
10913_7.txt,0
12226_7.txt,0
4252_10.txt,0
426_9.txt,0
8965_8.txt,0
3791_9.txt,0
2232_7.txt,0
983_7.txt,0
12176_10.txt,0
11958_8.txt,0
7890_10.txt,0
2490_9.txt,0
2935_7.txt,0
9636_10.txt,0
4079_8.txt,0
1957_10.txt,0
2714_9.txt,0
7931_9.txt,0
10504_7.txt,0
4385_8.txt,0
11996_7.txt,0
7301_7.txt,0
10501_10.txt,0
7723_8.txt,0
11605_7.txt,0
10904_9.txt,0
4220_8.txt,0
4735_9.txt,0
1021_7.txt,0
1396_8.txt,0
6257_8.txt,0
1683_9.txt,0
9493_10.txt,0
2013_7.txt,0
11779_10.txt,0
6408_7.txt,0
78_8.txt,0
12386_10.txt,0
8189_7.txt,0
9020_10.txt,0
7212_9.txt,0
8612_8.txt,0
6042_10.txt,0
4810_7.txt,0
11885_9.txt,0
506_8.txt,0
9937_7.txt,0
1582_8.txt,0
8972_7.txt,0
609_7.txt,0
11565_7.txt,0
33_7.txt,0
161_7.txt,0
967_7.txt,0
2745_10.txt,0
9187_8.txt,0
3642_7.txt,0
4882_9.txt,0
11632_10.txt,0
751_7.txt,0
8258_10.txt,0
3874_7.txt,0
1429_7.txt,0
8701_7.txt,0
9067_8.txt,0
567_9.txt,0
6550_7.txt,0
11852_7.txt,0
8400_7.txt,0
8784_7.txt,0
7528_7.txt,0
12191_9.txt,0
1909_9.txt,0
12477_7.txt,0
5551_8.txt,0
12432_7.txt,0
6050_10.txt,0
1381_7.txt,0
1622_9.txt,0
12010_8.txt,0
10366_8.txt,0
6590_7.txt,0
6902_7.txt,0
7104_7.txt,0
12354_8.txt,0
10425_10.txt,0
7141_7.txt,0
802_7.txt,0
10692_10.txt,0
5530_9.txt,0
1778_10.txt,0
3570_8.txt,0
8716_9.txt,0
8904_8.txt,0
1486_9.txt,0
6811_8.txt,0
4588_9.txt,0
3815_10.txt,0
10514_9.txt,0
8077_7.txt,0
5539_7.txt,0
4673_8.txt,0
4036_10.txt,0
897_8.txt,0
11807_8.txt,0
4214_7.txt,0
6127_7.txt,0
10239_9.txt,0
5680_7.txt,0
1557_10.txt,0
11281_9.txt,0
12379_7.txt,0
11300_8.txt,0
5150_7.txt,0
8757_10.txt,0
3979_8.txt,0
8106_10.txt,0
2235_7.txt,0
11914_7.txt,0
7832_8.txt,0
10914_7.txt,0
7665_9.txt,0
11409_9.txt,0
350_10.txt,0
1108_8.txt,0
9220_8.txt,0
10213_7.txt,0
5513_10.txt,0
2092_10.txt,0
5371_7.txt,0
6936_9.txt,0
4246_9.txt,0
5246_9.txt,0
4708_10.txt,0
2560_7.txt,0
3457_9.txt,0
6231_9.txt,0
11018_9.txt,0
109_8.txt,0
9694_10.txt,0
4605_7.txt,0
9881_10.txt,0
7114_8.txt,0
10665_10.txt,0
342_10.txt,0
5541_7.txt,0
8468_8.txt,0
12172_8.txt,0
8988_7.txt,0
5852_7.txt,0
1632_7.txt,0
2166_8.txt,0
4743_10.txt,0
8878_10.txt,0
166_7.txt,0
3645_7.txt,0
9576_10.txt,0
7893_8.txt,0
10562_7.txt,0
4589_10.txt,0
3267_8.txt,0
9807_9.txt,0
9706_7.txt,0
10018_8.txt,0
4147_8.txt,0
8868_7.txt,0
3873_7.txt,0
661_9.txt,0
3075_7.txt,0
4848_10.txt,0
10319_8.txt,0
11482_7.txt,0
8093_7.txt,0
10164_9.txt,0
9823_8.txt,0
6512_7.txt,0
3421_7.txt,0
6202_7.txt,0
10324_8.txt,0
12052_8.txt,0
12408_10.txt,0
3823_10.txt,0
5187_8.txt,0
12470_7.txt,0
3765_7.txt,0
1502_10.txt,0
4067_8.txt,0
7354_8.txt,0
9948_7.txt,0
3628_10.txt,0
2864_9.txt,0
10615_8.txt,0
2891_10.txt,0
5205_10.txt,0
7484_8.txt,0
4585_10.txt,0
8809_10.txt,0
1050_9.txt,0
1268_8.txt,0
10180_8.txt,0
2784_10.txt,0
2809_7.txt,0
8123_9.txt,0
4340_9.txt,0
7101_7.txt,0
6830_9.txt,0
12027_10.txt,0
2001_8.txt,0
12290_10.txt,0
7622_8.txt,0
9767_10.txt,0
9136_10.txt,0
8208_7.txt,0
3324_9.txt,0
9944_8.txt,0
7400_10.txt,0
575_7.txt,0
11283_8.txt,0
10542_10.txt,0
5402_7.txt,0
8003_9.txt,0
11840_10.txt,0
9977_7.txt,0
8134_7.txt,0
1915_8.txt,0
3548_8.txt,0
10593_8.txt,0
9619_7.txt,0
10533_10.txt,0
8984_8.txt,0
2829_10.txt,0
7097_10.txt,0
8652_8.txt,0
738_10.txt,0
6365_7.txt,0
6046_10.txt,0
1974_9.txt,0
9864_8.txt,0
7510_7.txt,0
6510_7.txt,0
9405_7.txt,0
5201_8.txt,0
2032_7.txt,0
4668_8.txt,0
7611_7.txt,0
11481_10.txt,0
9363_8.txt,0
663_9.txt,0
9029_7.txt,0
11859_8.txt,0
5943_8.txt,0
9704_7.txt,0
5645_10.txt,0
9589_10.txt,0
948_8.txt,0
4576_10.txt,0
7898_10.txt,0
11976_10.txt,0
11269_7.txt,0
5373_7.txt,0
1515_7.txt,0
7132_9.txt,0
9012_10.txt,0
9584_7.txt,0
5380_8.txt,0
562_8.txt,0
11206_9.txt,0
8720_7.txt,0
1393_8.txt,0
6252_8.txt,0
1707_8.txt,0
8446_10.txt,0
8048_7.txt,0
7635_7.txt,0
735_7.txt,0
4506_7.txt,0
647_9.txt,0
3810_7.txt,0
1658_10.txt,0
11836_7.txt,0
6582_8.txt,0
4260_8.txt,0
9349_7.txt,0
2614_10.txt,0
3895_7.txt,0
4826_9.txt,0
9713_8.txt,0
11671_10.txt,0
9692_9.txt,0
974_10.txt,0
9374_7.txt,0
2409_8.txt,0
6966_7.txt,0
6125_7.txt,0
12330_8.txt,0
4321_9.txt,0
8593_9.txt,0
9030_7.txt,0
5671_8.txt,0
1166_10.txt,0
7909_9.txt,0
6750_10.txt,0
6715_7.txt,0
11289_10.txt,0
8205_10.txt,0
10409_10.txt,0
6622_9.txt,0
10062_9.txt,0
3331_10.txt,0
7566_9.txt,0
3237_7.txt,0
2237_7.txt,0
12342_7.txt,0
9007_8.txt,0
6390_10.txt,0
1904_10.txt,0
10798_10.txt,0
1020_7.txt,0
5647_10.txt,0
6256_8.txt,0
3217_10.txt,0
11634_10.txt,0
4990_7.txt,0
9009_7.txt,0
7392_9.txt,0
3814_7.txt,0
116_10.txt,0
3568_8.txt,0
3622_7.txt,0
3374_10.txt,0
10505_7.txt,0
11997_7.txt,0
4313_10.txt,0
2909_7.txt,0
6272_9.txt,0
5033_7.txt,0
3669_8.txt,0
4076_7.txt,0
2489_10.txt,0
1967_10.txt,0
11999_8.txt,0
8681_7.txt,0
3942_8.txt,0
3285_8.txt,0
11580_7.txt,0
7834_8.txt,0
1603_10.txt,0
1943_7.txt,0
8921_8.txt,0
6882_7.txt,0
1906_7.txt,0
3378_10.txt,0
510_7.txt,0
9964_8.txt,0
4494_8.txt,0
10322_9.txt,0
7099_10.txt,0
6711_7.txt,0
10540_10.txt,0
1474_7.txt,0
6927_7.txt,0
9049_10.txt,0
12334_8.txt,0
12419_8.txt,0
7649_7.txt,0
2749_8.txt,0
1131_10.txt,0
7647_8.txt,0
2064_8.txt,0
11656_8.txt,0
9696_8.txt,0
9879_9.txt,0
3827_9.txt,0
1508_7.txt,0
6018_7.txt,0
7929_9.txt,0
5876_10.txt,0
10936_7.txt,0
4337_10.txt,0
11866_10.txt,0
7948_8.txt,0
2667_10.txt,0
9599_10.txt,0
11773_10.txt,0
9921_9.txt,0
7628_7.txt,0
3341_8.txt,0
2848_7.txt,0
9055_7.txt,0
3726_7.txt,0
3763_7.txt,0
7591_7.txt,0
12355_8.txt,0
10023_8.txt,0
4301_9.txt,0
9068_7.txt,0
8544_10.txt,0
9595_10.txt,0
10354_7.txt,0
12062_10.txt,0
3038_8.txt,0
7514_7.txt,0
2616_10.txt,0
5864_10.txt,0
6743_8.txt,0
4192_10.txt,0
9938_8.txt,0
11599_7.txt,0
2775_10.txt,0
1634_7.txt,0
7407_8.txt,0
8936_7.txt,0
2968_7.txt,0
8973_7.txt,0
1911_8.txt,0
9741_10.txt,0
5839_9.txt,0
2383_8.txt,0
9749_8.txt,0
7182_7.txt,0
6443_10.txt,0
9270_10.txt,0
564_9.txt,0
11608_9.txt,0
7499_9.txt,0
10356_7.txt,0
148_9.txt,0
2604_7.txt,0
6864_7.txt,0
8510_8.txt,0
9788_10.txt,0
12178_7.txt,0
8846_9.txt,0
1581_8.txt,0
8624_10.txt,0
7017_10.txt,0
8831_10.txt,0
641_8.txt,0
5437_8.txt,0
5738_7.txt,0
9304_9.txt,0
3921_8.txt,0
6812_8.txt,0
11846_9.txt,0
1367_10.txt,0
1894_10.txt,0
536_7.txt,0
9942_8.txt,0
10233_7.txt,0
8750_9.txt,0
1227_7.txt,0
11285_8.txt,0
3287_10.txt,0
1083_7.txt,0
6030_9.txt,0
7107_7.txt,0
10219_9.txt,0
9160_9.txt,0
8486_7.txt,0
1379_10.txt,0
11320_8.txt,0
1371_8.txt,0
4552_8.txt,0
12210_10.txt,0
8059_8.txt,0
6387_7.txt,0
2130_7.txt,0
3493_9.txt,0
12345_10.txt,0
11252_7.txt,0
1941_7.txt,0
6389_8.txt,0
1699_8.txt,0
7412_7.txt,0
2231_7.txt,0
11987_10.txt,0
4978_9.txt,0
12260_7.txt,0
12238_10.txt,0
5682_10.txt,0
1784_8.txt,0
4653_10.txt,0
2303_10.txt,0
10497_10.txt,0
5111_7.txt,0
7222_7.txt,0
1478_8.txt,0
6993_8.txt,0
12380_7.txt,0
6255_10.txt,0
5255_7.txt,0
4327_9.txt,0
6193_10.txt,0
733_7.txt,0
3010_7.txt,0
8297_10.txt,0
3816_7.txt,0
8611_9.txt,0
1115_9.txt,0
3745_10.txt,0
1368_8.txt,0
12428_7.txt,0
10751_10.txt,0
2999_9.txt,0
10073_7.txt,0
5215_10.txt,0
10875_7.txt,0
11073_7.txt,0
4173_10.txt,0
4741_10.txt,0
10731_9.txt,0
8389_10.txt,0
6499_8.txt,0
9635_8.txt,0
10261_8.txt,0
10507_7.txt,0
4458_7.txt,0
3599_7.txt,0
11193_7.txt,0
6977_9.txt,0
4242_9.txt,0
8749_9.txt,0
6247_10.txt,0
11923_8.txt,0
789_8.txt,0
2330_10.txt,0
11093_10.txt,0
2313_8.txt,0
4297_8.txt,0
10906_10.txt,0
11453_7.txt,0
1703_7.txt,0
5547_8.txt,0
4196_8.txt,0
3486_8.txt,0
8926_10.txt,0
2622_8.txt,0
5332_8.txt,0
7842_8.txt,0
1554_8.txt,0
6495_8.txt,0
8573_7.txt,0
1935_7.txt,0
414_9.txt,0
5083_10.txt,0
8394_9.txt,0
3764_10.txt,0
2595_7.txt,0
8250_8.txt,0
1567_7.txt,0
10701_10.txt,0
2473_10.txt,0
6032_7.txt,0
2654_7.txt,0
2179_7.txt,0
3982_7.txt,0
1380_9.txt,0
3971_8.txt,0
6987_10.txt,0
7956_10.txt,0
11700_9.txt,0
7385_8.txt,0
2132_8.txt,0
8082_7.txt,0
9521_9.txt,0
2099_7.txt,0
9453_7.txt,0
1421_10.txt,0
1370_10.txt,0
6503_7.txt,0
6217_10.txt,0
9877_8.txt,0
4587_8.txt,0
5688_7.txt,0
5259_7.txt,0
9383_7.txt,0
2097_8.txt,0
5113_8.txt,0
6548_8.txt,0
10761_8.txt,0
12417_9.txt,0
7548_9.txt,0
11188_8.txt,0
11274_8.txt,0
10938_7.txt,0
3097_9.txt,0
1506_7.txt,0
3491_7.txt,0
6626_7.txt,0
7716_10.txt,0
726_7.txt,0
8816_8.txt,0
8058_10.txt,0
11444_8.txt,0
695_10.txt,0
4727_10.txt,0
10066_7.txt,0
568_9.txt,0
7650_8.txt,0
9394_8.txt,0
2414_7.txt,0
3160_10.txt,0
3414_7.txt,0
6986_8.txt,0
5691_7.txt,0
1983_9.txt,0
6239_8.txt,0
1511_9.txt,0
8705_10.txt,0
6930_7.txt,0
2160_7.txt,0
7704_10.txt,0
12240_10.txt,0
7811_10.txt,0
7324_8.txt,0
8873_10.txt,0
4854_8.txt,0
10599_8.txt,0
6530_9.txt,0
7442_7.txt,0
6895_7.txt,0
11882_10.txt,0
12275_7.txt,0
4635_10.txt,0
8_9.txt,0
7977_7.txt,0
1461_7.txt,0
1618_10.txt,0
9064_7.txt,0
8827_7.txt,0
1006_8.txt,0
719_7.txt,0
7335_10.txt,0
9396_8.txt,0
6153_10.txt,0
7270_7.txt,0
9286_10.txt,0
12020_10.txt,0
8829_8.txt,0
1383_10.txt,0
3698_9.txt,0
10643_9.txt,0
4524_8.txt,0
12397_10.txt,0
162_8.txt,0
10942_7.txt,0
9603_10.txt,0
8465_10.txt,0
9611_7.txt,0
818_9.txt,0
10200_7.txt,0
4856_8.txt,0
9763_9.txt,0
1636_8.txt,0
4813_8.txt,0
2964_7.txt,0
6899_8.txt,0
2480_10.txt,0
7166_9.txt,0
8566_8.txt,0
11971_8.txt,0
5028_8.txt,0
4684_9.txt,0
11555_7.txt,0
639_7.txt,0
4898_7.txt,0
11598_10.txt,0
8888_9.txt,0
8345_10.txt,0
7476_10.txt,0
7315_7.txt,0
11862_7.txt,0
1714_10.txt,0
1885_8.txt,0
4559_10.txt,0
12357_7.txt,0
4282_7.txt,0
1901_10.txt,0
8358_7.txt,0
3425_8.txt,0
5742_10.txt,0
10365_7.txt,0
792_8.txt,0
10448_7.txt,0
3801_7.txt,0
11702_8.txt,0
6624_7.txt,0
4320_10.txt,0
4465_8.txt,0
11635_7.txt,0
7387_8.txt,0
10683_8.txt,0
4348_8.txt,0
12161_8.txt,0
11534_7.txt,0
11403_9.txt,0
12058_9.txt,0
2369_8.txt,0
3023_7.txt,0
6114_10.txt,0
7645_7.txt,0
3912_9.txt,0
1595_10.txt,0
3322_7.txt,0
2322_7.txt,0
902_10.txt,0
4343_10.txt,0
12336_7.txt,0
2484_8.txt,0
4085_10.txt,0
4992_8.txt,0
8304_7.txt,0
7211_7.txt,0
10038_7.txt,0
280_10.txt,0
2540_9.txt,0
9846_7.txt,0
3311_8.txt,0
8430_10.txt,0
8530_10.txt,0
8261_10.txt,0
1094_7.txt,0
5780_9.txt,0
5388_8.txt,0
3103_7.txt,0
6757_10.txt,0
3564_8.txt,0
9910_8.txt,0
521_7.txt,0
2601_10.txt,0
5873_10.txt,0
1972_7.txt,0
453_9.txt,0
146_8.txt,0
3620_8.txt,0
2814_10.txt,0
1513_8.txt,0
5828_10.txt,0
4744_9.txt,0
10466_8.txt,0
6964_8.txt,0
3704_8.txt,0
8410_7.txt,0
11733_10.txt,0
11062_10.txt,0
741_7.txt,0
2590_10.txt,0
4377_10.txt,0
12033_7.txt,0
1900_8.txt,0
4314_10.txt,0
9855_9.txt,0
6719_7.txt,0
2765_9.txt,0
3932_8.txt,0
6717_8.txt,0
3171_8.txt,0
1775_10.txt,0
12196_7.txt,0
3516_7.txt,0
8516_10.txt,0
12165_8.txt,0
6980_9.txt,0
8567_10.txt,0
11503_8.txt,0
4382_7.txt,0
9814_10.txt,0
2459_9.txt,0
2107_7.txt,0
10602_8.txt,0
2635_10.txt,0
5003_10.txt,0
9392_9.txt,0
1329_7.txt,0
5998_7.txt,0
6968_10.txt,0
11410_7.txt,0
3350_8.txt,0
7639_7.txt,0
3315_8.txt,0
6825_9.txt,0
10693_10.txt,0
8466_8.txt,0
11871_8.txt,0
12422_7.txt,0
6915_10.txt,0
7538_7.txt,0
8300_7.txt,0
6322_9.txt,0
7237_10.txt,0
1578_7.txt,0
4229_9.txt,0
6940_10.txt,0
8650_7.txt,0
3480_9.txt,0
1327_9.txt,0
9272_8.txt,0
8200_10.txt,0
3600_8.txt,0
4353_10.txt,0
5971_10.txt,0
3781_9.txt,0
10571_10.txt,0
8975_8.txt,0
5640_9.txt,0
1952_7.txt,0
6893_7.txt,0
6938_8.txt,0
4833_9.txt,0
4904_7.txt,0
11292_10.txt,0
4596_7.txt,0
6559_7.txt,0
4230_10.txt,0
4149_8.txt,0
10810_8.txt,0
8914_9.txt,0
11471_7.txt,0
2808_10.txt,0
6599_7.txt,0
11868_8.txt,0
9735_7.txt,0
9018_7.txt,0
668_10.txt,0
9492_10.txt,0
6116_10.txt,0
4288_8.txt,0
5127_10.txt,0
11112_9.txt,0
5863_10.txt,0
8689_10.txt,0
9016_8.txt,0
3532_7.txt,0
4022_7.txt,0
6759_10.txt,0
11280_10.txt,0
2405_9.txt,0
8663_8.txt,0
9626_8.txt,0
8529_7.txt,0
4956_9.txt,0
8204_7.txt,0
4573_10.txt,0
11930_8.txt,0
5069_8.txt,0
9077_9.txt,0
11986_7.txt,0
678_7.txt,0
577_8.txt,0
532_8.txt,0
9791_10.txt,0
6544_10.txt,0
6566_7.txt,0
5762_9.txt,0
6080_9.txt,0
1881_10.txt,0
6414_9.txt,0
4388_10.txt,0
3495_7.txt,0
1332_7.txt,0
10286_10.txt,0
9315_8.txt,0
3861_10.txt,0
6200_8.txt,0
9600_9.txt,0
7038_9.txt,0
10363_7.txt,0
5449_7.txt,0
2159_7.txt,0
3802_10.txt,0
5247_10.txt,0
9538_10.txt,0
11234_10.txt,0
8560_8.txt,0
4828_8.txt,0
7057_7.txt,0
9438_10.txt,0
2674_7.txt,0
9389_9.txt,0
8243_7.txt,0
12413_9.txt,0
3575_7.txt,0
7059_8.txt,0
11518_10.txt,0
10944_7.txt,0
80_7.txt,0
2962_7.txt,0
7396_7.txt,0
9549_10.txt,0
5506_9.txt,0
3376_8.txt,0
6319_10.txt,0
140_9.txt,0
11577_10.txt,0
6435_10.txt,0
11168_9.txt,0
10267_7.txt,0
8704_9.txt,0
10639_10.txt,0
8918_7.txt,0
2140_7.txt,0
8664_10.txt,0
2834_9.txt,0
754_9.txt,0
385_9.txt,0
4580_10.txt,0
4166_10.txt,0
8532_7.txt,0
6846_8.txt,0
11373_10.txt,0
8148_10.txt,0
9916_8.txt,0
628_8.txt,0
4751_7.txt,0
1675_9.txt,0
12047_8.txt,0
2471_7.txt,0
3584_10.txt,0
4124_7.txt,0
9235_9.txt,0
3016_8.txt,0
7116_7.txt,0
12346_8.txt,0
8607_10.txt,0
12498_7.txt,0
5607_8.txt,0
5508_7.txt,0
3317_8.txt,0
10499_8.txt,0
4583_8.txt,0
868_7.txt,0
4570_7.txt,0
8676_10.txt,0
2208_10.txt,0
4447_9.txt,0
9560_9.txt,0
1239_10.txt,0
7125_8.txt,0
4074_10.txt,0
8836_8.txt,0
7475_9.txt,0
10421_8.txt,0
4746_9.txt,0
3621_10.txt,0
6337_7.txt,0
7875_7.txt,0
1085_9.txt,0
6669_9.txt,0
1947_8.txt,0
9014_9.txt,0
4762_8.txt,0
12295_7.txt,0
904_10.txt,0
12224_9.txt,0
9431_7.txt,0
7106_8.txt,0
711_10.txt,0
11447_8.txt,0
981_9.txt,0
10081_10.txt,0
1877_7.txt,0
10236_10.txt,0
1940_9.txt,0
11969_10.txt,0
1493_10.txt,0
7792_10.txt,0
8447_10.txt,0
760_7.txt,0
12430_8.txt,0
10228_10.txt,0
6856_7.txt,0
1505_7.txt,0
8522_8.txt,0
7446_10.txt,0
5979_10.txt,0
6924_9.txt,0
7813_7.txt,0
1228_7.txt,0
8889_9.txt,0
10355_10.txt,0
5062_7.txt,0
8308_10.txt,0
2537_7.txt,0
3913_8.txt,0
4191_10.txt,0
673_8.txt,0
5760_10.txt,0
6939_10.txt,0
11142_10.txt,0
3355_9.txt,0
5737_7.txt,0
2156_10.txt,0
476_9.txt,0
1538_7.txt,0
12495_10.txt,0
3504_8.txt,0
2965_7.txt,0
10569_7.txt,0
10259_10.txt,0
2054_9.txt,0
11288_10.txt,0
6485_10.txt,0
833_7.txt,0
5243_7.txt,0
2619_10.txt,0
4349_10.txt,0
2878_7.txt,0
3885_7.txt,0
286_10.txt,0
1792_8.txt,0
2060_10.txt,0
8828_9.txt,0
5843_10.txt,0
10508_7.txt,0
2718_9.txt,0
4873_8.txt,0
6183_9.txt,0
8463_10.txt,0
9954_8.txt,0
3371_9.txt,0
7401_10.txt,0
8563_10.txt,0
11009_10.txt,0
9810_10.txt,0
102_8.txt,0
10161_7.txt,0
4331_8.txt,0
1959_9.txt,0
1876_10.txt,0
6704_10.txt,0
2947_10.txt,0
1369_7.txt,0
8970_9.txt,0
2819_7.txt,0
6128_10.txt,0
11874_8.txt,0
5744_10.txt,0
5953_8.txt,0
10340_7.txt,0
11277_9.txt,0
5676_7.txt,0
6122_8.txt,0
7167_8.txt,0
6712_8.txt,0
12383_10.txt,0
2828_10.txt,0
10703_9.txt,0
1599_7.txt,0
1397_10.txt,0
7386_8.txt,0
1620_7.txt,0
8512_10.txt,0
7207_9.txt,0
3981_7.txt,0
288_7.txt,0
6413_8.txt,0
3275_8.txt,0
9161_7.txt,0
744_10.txt,0
6837_7.txt,0
11911_8.txt,0
6945_9.txt,0
6963_8.txt,0
8565_9.txt,0
570_9.txt,0
9469_10.txt,0
11793_7.txt,0
119_9.txt,0
8023_10.txt,0
10498_10.txt,0
6771_9.txt,0
11956_8.txt,0
8711_10.txt,0
970_7.txt,0
9190_8.txt,0
7835_7.txt,0
1101_8.txt,0
11537_7.txt,0
11988_10.txt,0
1472_10.txt,0
10539_8.txt,0
5524_10.txt,0
1510_8.txt,0
10955_10.txt,0
3754_10.txt,0
10541_8.txt,0
2363_10.txt,0
8913_8.txt,0
3695_7.txt,0
7515_9.txt,0
10227_7.txt,0
9673_7.txt,0
3522_8.txt,0
8386_10.txt,0
666_7.txt,0
4562_9.txt,0
2874_9.txt,0
380_9.txt,0
4455_7.txt,0
6235_10.txt,0
2730_7.txt,0
7113_7.txt,0
1403_7.txt,0
8309_8.txt,0
1086_10.txt,0
4602_8.txt,0
6709_9.txt,0
11417_7.txt,0
6325_9.txt,0
3637_10.txt,0
1365_8.txt,0
12409_10.txt,0
2487_9.txt,0
5016_8.txt,0
5463_10.txt,0
5770_7.txt,0
5735_7.txt,0
4296_9.txt,0
9530_10.txt,0
11699_8.txt,0
12231_7.txt,0
6867_8.txt,0
5946_7.txt,0
10139_10.txt,0
9395_8.txt,0
6236_7.txt,0
6786_10.txt,0
4903_7.txt,0
4591_7.txt,0
7987_8.txt,0
12322_8.txt,0
6931_7.txt,0
145_9.txt,0
7494_9.txt,0
11253_10.txt,0
11701_8.txt,0
3770_10.txt,0
2516_10.txt,0
9310_8.txt,0
2041_7.txt,0
4617_10.txt,0
11323_7.txt,0
5220_10.txt,0
4046_10.txt,0
11445_8.txt,0
6526_7.txt,0
11400_8.txt,0
9504_9.txt,0
490_8.txt,0
10824_7.txt,0
9476_7.txt,0
2762_8.txt,0
9371_9.txt,0
5060_7.txt,0
11939_7.txt,0
1509_8.txt,0
5409_7.txt,0
6648_9.txt,0
10513_7.txt,0
8248_8.txt,0
1542_7.txt,0
11187_10.txt,0
7638_10.txt,0
8952_9.txt,0
10738_8.txt,0
6279_8.txt,0
3648_10.txt,0
11601_9.txt,0
5523_8.txt,0
5265_10.txt,0
10621_10.txt,0
11780_8.txt,0
3164_10.txt,0
10759_9.txt,0
547_7.txt,0
8135_8.txt,0
11945_7.txt,0
11106_7.txt,0
2926_7.txt,0
4959_10.txt,0
7397_7.txt,0
4859_10.txt,0
1213_7.txt,0
11208_10.txt,0
6397_7.txt,0
3963_7.txt,0
12003_9.txt,0
9031_9.txt,0
8945_7.txt,0
9074_9.txt,0
8872_9.txt,0
10552_7.txt,0
6013_7.txt,0
2675_7.txt,0
7120_10.txt,0
9693_7.txt,0
4827_7.txt,0
8089_9.txt,0
9458_9.txt,0
212_7.txt,0
515_9.txt,0
11404_8.txt,0
4836_10.txt,0
2795_7.txt,0
2880_10.txt,0
4623_10.txt,0
5276_8.txt,0
7043_10.txt,0
1333_7.txt,0
6192_10.txt,0
2843_7.txt,0
6380_9.txt,0
12356_10.txt,0
139_9.txt,0
6270_10.txt,0
2181_7.txt,0
7336_7.txt,0
9439_9.txt,0
10391_9.txt,0
6569_9.txt,0
4341_7.txt,0
7943_9.txt,0
9789_10.txt,0
11185_10.txt,0
2226_10.txt,0
1628_8.txt,0
9689_10.txt,0
9050_9.txt,0
5219_7.txt,0
8660_9.txt,0
9386_7.txt,0
4800_10.txt,0
4534_7.txt,0
7642_7.txt,0
1525_10.txt,0
4118_7.txt,0
1016_7.txt,0
2869_8.txt,0
8017_10.txt,0
7474_9.txt,0
7624_10.txt,0
894_7.txt,0
1927_9.txt,0
6533_10.txt,0
1392_7.txt,0
3_7.txt,0
854_7.txt,0
11220_10.txt,0
1378_10.txt,0
1278_10.txt,0
6570_8.txt,0
9632_7.txt,0
627_7.txt,0
4414_7.txt,0
947_8.txt,0
7004_8.txt,0
1780_10.txt,0
9896_9.txt,0
9685_10.txt,0
9785_10.txt,0
7537_8.txt,0
11454_7.txt,0
8768_7.txt,0
856_7.txt,0
6150_7.txt,0
877_10.txt,0
5191_8.txt,0
736_8.txt,0
4567_10.txt,0
8344_7.txt,0
10377_8.txt,0
284_10.txt,0
5977_10.txt,0
3232_10.txt,0
2108_8.txt,0
11_8.txt,0
10091_10.txt,0
143_8.txt,0
11120_7.txt,0
5133_10.txt,0
1984_8.txt,0
1749_10.txt,0
10603_8.txt,0
2209_8.txt,0
11646_8.txt,0
6760_7.txt,0
7782_10.txt,0
11928_8.txt,0
5071_8.txt,0
11979_10.txt,0
6417_8.txt,0
918_10.txt,0
4508_10.txt,0
5231_9.txt,0
2158_10.txt,0
8990_8.txt,0
9547_8.txt,0
12220_8.txt,0
10393_9.txt,0
3348_9.txt,0
519_7.txt,0
8782_9.txt,0
3552_7.txt,0
7268_10.txt,0
4844_7.txt,0
2517_7.txt,0
6541_7.txt,0
5700_9.txt,0
9870_8.txt,0
5672_7.txt,0
4416_10.txt,0
5959_7.txt,0
4250_8.txt,0
12333_7.txt,0
2865_7.txt,0
6227_8.txt,0
12032_7.txt,0
7262_8.txt,0
9290_10.txt,0
8341_10.txt,0
5860_7.txt,0
5009_10.txt,0
820_9.txt,0
10974_8.txt,0
12241_8.txt,0
7485_7.txt,0
5725_10.txt,0
9104_7.txt,0
8771_7.txt,0
3496_7.txt,0
2070_10.txt,0
12434_8.txt,0
11408_7.txt,0
6753_9.txt,0
348_7.txt,0
6941_8.txt,0
1389_7.txt,0
3998_10.txt,0
5274_8.txt,0
11406_8.txt,0
9144_10.txt,0
10406_8.txt,0
4877_9.txt,0
11782_8.txt,0
4146_7.txt,0
6813_10.txt,0
5521_8.txt,0
11771_7.txt,0
8360_7.txt,0
10695_10.txt,0
4335_9.txt,0
6937_7.txt,0
9822_7.txt,0
1579_7.txt,0
822_10.txt,0
5853_8.txt,0
5654_10.txt,0
9273_8.txt,0
7395_7.txt,0
3924_7.txt,0
11627_8.txt,0
6718_10.txt,0
5785_8.txt,0
9912_10.txt,0
8987_7.txt,0
1577_8.txt,0
6572_9.txt,0
7403_10.txt,0
11526_8.txt,0
9238_7.txt,0
3223_7.txt,0
1916_7.txt,0
11563_8.txt,0
8087_10.txt,0
1584_7.txt,0
3351_4.txt,1
1027_4.txt,1
4290_4.txt,1
11890_1.txt,1
472_4.txt,1
11447_1.txt,1
3439_4.txt,1
858_4.txt,1
10275_3.txt,1
11332_4.txt,1
5228_4.txt,1
4171_1.txt,1
12044_4.txt,1
9485_3.txt,1
6492_4.txt,1
6590_3.txt,1
5335_4.txt,1
10368_3.txt,1
7736_1.txt,1
9257_4.txt,1
3150_1.txt,1
6307_4.txt,1
4975_3.txt,1
2561_4.txt,1
2234_4.txt,1
3271_4.txt,1
6452_4.txt,1
1593_4.txt,1
11485_3.txt,1
10054_3.txt,1
5350_1.txt,1
11915_4.txt,1
6898_1.txt,1
3135_4.txt,1
11478_3.txt,1
11212_4.txt,1
5480_1.txt,1
8870_4.txt,1
3293_3.txt,1
7965_4.txt,1
3391_4.txt,1
4250_4.txt,1
2876_1.txt,1
9230_3.txt,1
2718_1.txt,1
7262_4.txt,1
3543_3.txt,1
8703_1.txt,1
7227_4.txt,1
5912_4.txt,1
10312_1.txt,1
9703_1.txt,1
4855_2.txt,1
8253_1.txt,1
4296_3.txt,1
9316_4.txt,1
380_2.txt,1
9353_4.txt,1
1790_2.txt,1
10640_3.txt,1
6614_2.txt,1
9638_3.txt,1
17_3.txt,1
887_2.txt,1
1066_1.txt,1
8052_4.txt,1
476_1.txt,1
2400_1.txt,1
5173_2.txt,1
10727_1.txt,1
3872_4.txt,1
5521_4.txt,1
7612_4.txt,1
490_2.txt,1
12409_4.txt,1
6513_4.txt,1
1003_4.txt,1
9607_1.txt,1
8621_2.txt,1
2545_4.txt,1
5349_1.txt,1
266_4.txt,1
1731_3.txt,1
6734_2.txt,1
5778_4.txt,1
3131_1.txt,1
449_3.txt,1
1532_4.txt,1
5256_3.txt,1
3397_3.txt,1
10659_2.txt,1
11659_2.txt,1
3169_4.txt,1
883_4.txt,1
11481_4.txt,1
10050_4.txt,1
7945_2.txt,1
12363_4.txt,1
4213_1.txt,1
10015_4.txt,1
612_3.txt,1
6610_4.txt,1
2835_4.txt,1
11760_1.txt,1
9357_2.txt,1
1696_3.txt,1
2402_1.txt,1
6221_1.txt,1
8933_4.txt,1
9037_3.txt,1
8874_3.txt,1
6065_4.txt,1
11625_4.txt,1
9336_3.txt,1
3547_4.txt,1
3196_4.txt,1
4851_4.txt,1
5155_3.txt,1
9623_2.txt,1
2686_4.txt,1
2257_4.txt,1
1023_3.txt,1
2212_4.txt,1
4702_4.txt,1
6806_1.txt,1
12243_4.txt,1
1367_3.txt,1
5097_4.txt,1
9214_1.txt,1
11908_2.txt,1
11234_4.txt,1
11271_4.txt,1
10441_4.txt,1
10404_4.txt,1
9481_4.txt,1
11090_4.txt,1
11896_4.txt,1
11329_4.txt,1
10850_2.txt,1
9461_1.txt,1
9738_4.txt,1
753_2.txt,1
8760_1.txt,1
5971_4.txt,1
5873_3.txt,1
139_4.txt,1
1241_4.txt,1
9545_4.txt,1
6822_1.txt,1
6867_1.txt,1
3642_1.txt,1
9992_4.txt,1
11952_4.txt,1
8659_1.txt,1
9096_3.txt,1
4661_3.txt,1
7450_4.txt,1
11506_2.txt,1
885_3.txt,1
5153_4.txt,1
2504_3.txt,1
10764_4.txt,1
10721_4.txt,1
6026_3.txt,1
1573_3.txt,1
7967_4.txt,1
10852_1.txt,1
9400_1.txt,1
3393_4.txt,1
7063_3.txt,1
9837_4.txt,1
3310_2.txt,1
9935_3.txt,1
4438_3.txt,1
9133_3.txt,1
8074_4.txt,1
4294_2.txt,1
4584_2.txt,1
7858_3.txt,1
9764_4.txt,1
1381_1.txt,1
5678_2.txt,1
2913_3.txt,1
3811_4.txt,1
8420_4.txt,1
7924_2.txt,1
572_3.txt,1
6305_4.txt,1
6019_1.txt,1
7019_1.txt,1
5073_4.txt,1
1752_3.txt,1
4349_2.txt,1
240_4.txt,1
5036_4.txt,1
10703_3.txt,1
9255_4.txt,1
2972_2.txt,1
6318_1.txt,1
12247_1.txt,1
8679_4.txt,1
3275_2.txt,1
8585_4.txt,1
10402_3.txt,1
629_4.txt,1
1239_4.txt,1
10288_1.txt,1
2397_4.txt,1
5311_3.txt,1
9070_4.txt,1
8974_3.txt,1
7511_1.txt,1
5667_1.txt,1
11008_4.txt,1
2096_4.txt,1
8705_1.txt,1
10008_4.txt,1
6198_4.txt,1
1488_4.txt,1
1345_1.txt,1
3870_1.txt,1
1669_4.txt,1
3646_1.txt,1
12226_4.txt,1
8996_4.txt,1
983_4.txt,1
4620_3.txt,1
1840_3.txt,1
8587_2.txt,1
8742_3.txt,1
2196_1.txt,1
11251_4.txt,1
2176_4.txt,1
7098_1.txt,1
3935_4.txt,1
496_3.txt,1
6843_4.txt,1
6788_1.txt,1
9854_3.txt,1
11541_4.txt,1
1927_1.txt,1
6474_1.txt,1
6768_4.txt,1
8854_3.txt,1
9150_4.txt,1
552_2.txt,1
4871_4.txt,1
1548_1.txt,1
5929_4.txt,1
9_4.txt,1
4602_4.txt,1
4957_2.txt,1
5369_3.txt,1
12493_4.txt,1
8949_3.txt,1
5095_3.txt,1
10419_4.txt,1
2815_4.txt,1
5197_4.txt,1
12410_3.txt,1
3154_2.txt,1
7380_1.txt,1
4444_2.txt,1
8332_3.txt,1
898_3.txt,1
3931_1.txt,1
10255_1.txt,1
7325_4.txt,1
3679_2.txt,1
4151_3.txt,1
1571_4.txt,1
10137_2.txt,1
8069_4.txt,1
4425_3.txt,1
9928_3.txt,1
1692_3.txt,1
8089_1.txt,1
346_2.txt,1
4582_1.txt,1
10784_4.txt,1
303_2.txt,1
11779_4.txt,1
10950_3.txt,1
4683_1.txt,1
11950_3.txt,1
9094_4.txt,1
11395_4.txt,1
10782_2.txt,1
12258_3.txt,1
6342_3.txt,1
11502_3.txt,1
2330_2.txt,1
11_3.txt,1
10400_4.txt,1
9156_3.txt,1
7629_4.txt,1
11445_4.txt,1
11031_1.txt,1
2911_4.txt,1
9808_3.txt,1
2117_4.txt,1
10295_1.txt,1
8664_4.txt,1
9766_3.txt,1
13_1.txt,1
8422_3.txt,1
141_1.txt,1
6847_3.txt,1
1884_4.txt,1
2332_2.txt,1
11545_3.txt,1
5518_4.txt,1
3461_4.txt,1
5523_2.txt,1
8786_4.txt,1
10970_4.txt,1
3539_4.txt,1
10759_3.txt,1
8799_3.txt,1
3214_4.txt,1
5292_3.txt,1
12144_4.txt,1
5034_1.txt,1
11277_4.txt,1
1361_3.txt,1
5995_3.txt,1
4405_4.txt,1
2811_3.txt,1
8759_3.txt,1
7922_3.txt,1
3605_4.txt,1
7452_1.txt,1
3234_1.txt,1
2869_3.txt,1
5051_4.txt,1
2996_4.txt,1
12412_3.txt,1
282_1.txt,1
2170_1.txt,1
8330_3.txt,1
4848_3.txt,1
1410_2.txt,1
9447_4.txt,1
7887_3.txt,1
6183_4.txt,1
9015_2.txt,1
7552_4.txt,1
3896_1.txt,1
8828_4.txt,1
4427_3.txt,1
5389_4.txt,1
9351_3.txt,1
2699_4.txt,1
9253_4.txt,1
6777_1.txt,1
4095_1.txt,1
3699_4.txt,1
8169_2.txt,1
4758_4.txt,1
6303_4.txt,1
10273_1.txt,1
1591_2.txt,1
9117_4.txt,1
6496_4.txt,1
102_4.txt,1
147_4.txt,1
5331_4.txt,1
10154_2.txt,1
5195_4.txt,1
11336_4.txt,1
2420_1.txt,1
7260_2.txt,1
9209_3.txt,1
6359_3.txt,1
2721_1.txt,1
4829_3.txt,1
12341_4.txt,1
6147_1.txt,1
4231_1.txt,1
549_3.txt,1
1302_1.txt,1
4110_4.txt,1
9072_4.txt,1
8072_4.txt,1
4643_2.txt,1
7556_1.txt,1
4356_3.txt,1
3603_3.txt,1
2646_3.txt,1
12361_1.txt,1
10439_3.txt,1
939_4.txt,1
1281_2.txt,1
9585_2.txt,1
5479_1.txt,1
9154_2.txt,1
3332_3.txt,1
35_1.txt,1
7279_3.txt,1
8192_4.txt,1
7022_1.txt,1
475_1.txt,1
8014_4.txt,1
6182_2.txt,1
7144_4.txt,1
12119_3.txt,1
2418_2.txt,1
1411_4.txt,1
3767_4.txt,1
1454_4.txt,1
3486_1.txt,1
4561_2.txt,1
5970_4.txt,1
3785_3.txt,1
1824_3.txt,1
6842_1.txt,1
6807_1.txt,1
5828_4.txt,1
10667_2.txt,1
8250_1.txt,1
2914_4.txt,1
8233_2.txt,1
3586_4.txt,1
4766_1.txt,1
6378_1.txt,1
199_4.txt,1
2957_2.txt,1
12183_4.txt,1
5154_3.txt,1
1675_4.txt,1
4850_4.txt,1
4487_4.txt,1
5056_4.txt,1
2546_4.txt,1
11014_4.txt,1
11812_4.txt,1
5908_4.txt,1
8719_1.txt,1
6142_2.txt,1
29_3.txt,1
2936_3.txt,1
711_4.txt,1
8335_1.txt,1
7220_1.txt,1
8606_3.txt,1
5348_2.txt,1
2425_3.txt,1
1697_2.txt,1
7735_1.txt,1
8356_3.txt,1
10188_1.txt,1
11910_2.txt,1
7107_3.txt,1
9521_1.txt,1
2626_4.txt,1
903_4.txt,1
9995_2.txt,1
3724_3.txt,1
1083_3.txt,1
5393_1.txt,1
571_1.txt,1
4889_4.txt,1
4585_2.txt,1
2427_1.txt,1
10233_3.txt,1
10394_1.txt,1
11088_4.txt,1
11030_4.txt,1
7960_2.txt,1
573_3.txt,1
5293_4.txt,1
6473_3.txt,1
5152_4.txt,1
3540_3.txt,1
7363_3.txt,1
1734_4.txt,1
4152_4.txt,1
10311_1.txt,1
1771_4.txt,1
7633_2.txt,1
999_3.txt,1
1572_3.txt,1
9075_4.txt,1
11778_1.txt,1
5662_1.txt,1
8747_3.txt,1
7979_3.txt,1
6617_3.txt,1
6750_4.txt,1
7652_3.txt,1
6866_1.txt,1
7339_4.txt,1
5849_4.txt,1
1492_3.txt,1
3029_4.txt,1
11466_4.txt,1
8_2.txt,1
2704_4.txt,1
7162_4.txt,1
3390_4.txt,1
3741_4.txt,1
4638_4.txt,1
9333_4.txt,1
3071_1.txt,1
12187_3.txt,1
7226_4.txt,1
9188_3.txt,1
11313_1.txt,1
3897_4.txt,1
8934_1.txt,1
2235_4.txt,1
9151_2.txt,1
1900_4.txt,1
2372_3.txt,1
2171_4.txt,1
1693_4.txt,1
10687_4.txt,1
2681_1.txt,1
10095_3.txt,1
11991_4.txt,1
3250_1.txt,1
1450_3.txt,1
11602_4.txt,1
2177_2.txt,1
6859_1.txt,1
10929_4.txt,1
4640_4.txt,1
4605_4.txt,1
5519_1.txt,1
11834_4.txt,1
12344_4.txt,1
6107_1.txt,1
3051_4.txt,1
7637_4.txt,1
12045_4.txt,1
3289_1.txt,1
4485_4.txt,1
2993_4.txt,1
12452_3.txt,1
123_4.txt,1
9071_3.txt,1
8136_4.txt,1
3462_2.txt,1
11783_4.txt,1
10783_4.txt,1
3369_1.txt,1
11763_1.txt,1
5520_4.txt,1
3763_2.txt,1
11810_4.txt,1
846_2.txt,1
4598_4.txt,1
10053_4.txt,1
7882_3.txt,1
7557_4.txt,1
2464_4.txt,1
7247_4.txt,1
11604_3.txt,1
776_1.txt,1
5194_1.txt,1
7905_4.txt,1
1456_4.txt,1
11484_2.txt,1
3720_4.txt,1
1279_3.txt,1
5644_1.txt,1
9626_4.txt,1
1671_2.txt,1
1364_3.txt,1
2486_3.txt,1
4400_4.txt,1
6776_4.txt,1
9562_4.txt,1
1570_2.txt,1
4603_3.txt,1
821_1.txt,1
8403_4.txt,1
10423_1.txt,1
7886_3.txt,1
2370_4.txt,1
7516_4.txt,1
453_4.txt,1
326_1.txt,1
2930_3.txt,1
10722_1.txt,1
2290_4.txt,1
9836_3.txt,1
10619_2.txt,1
8971_4.txt,1
3256_2.txt,1
7082_1.txt,1
708_3.txt,1
12279_4.txt,1
4856_4.txt,1
11499_3.txt,1
2540_4.txt,1
5813_4.txt,1
7383_1.txt,1
283_1.txt,1
9233_4.txt,1
12185_4.txt,1
4070_1.txt,1
11276_4.txt,1
1408_3.txt,1
672_4.txt,1
1325_3.txt,1
3482_3.txt,1
48_4.txt,1
6772_4.txt,1
9213_1.txt,1
1417_4.txt,1
9466_1.txt,1
4128_1.txt,1
105_3.txt,1
9057_4.txt,1
11501_3.txt,1
11739_2.txt,1
5889_3.txt,1
8057_4.txt,1
8012_4.txt,1
7536_1.txt,1
7341_3.txt,1
8211_3.txt,1
10396_4.txt,1
9313_4.txt,1
2871_2.txt,1
6637_1.txt,1
11702_4.txt,1
8787_4.txt,1
4567_2.txt,1
5522_3.txt,1
11315_3.txt,1
8173_1.txt,1
7086_4.txt,1
1806_3.txt,1
1045_3.txt,1
9507_4.txt,1
4355_1.txt,1
9337_4.txt,1
5248_1.txt,1
9073_4.txt,1
4664_1.txt,1
8830_4.txt,1
6749_3.txt,1
12039_4.txt,1
5890_3.txt,1
4890_3.txt,1
7696_1.txt,1
6918_4.txt,1
12318_1.txt,1
11235_3.txt,1
8462_4.txt,1
5275_1.txt,1
6789_3.txt,1
8427_4.txt,1
12340_4.txt,1
1881_1.txt,1
8948_1.txt,1
11606_4.txt,1
8683_4.txt,1
3698_4.txt,1
3155_1.txt,1
1657_4.txt,1
11029_3.txt,1
12218_4.txt,1
4837_4.txt,1
8663_1.txt,1
4970_3.txt,1
8116_4.txt,1
2254_1.txt,1
1961_1.txt,1
11405_3.txt,1
3620_4.txt,1
7258_4.txt,1
11832_4.txt,1
7477_3.txt,1
3313_4.txt,1
4701_3.txt,1
430_4.txt,1
1098_4.txt,1
5892_3.txt,1
11767_2.txt,1
11191_4.txt,1
2256_1.txt,1
3499_3.txt,1
5424_2.txt,1
5461_2.txt,1
3647_1.txt,1
2602_1.txt,1
7378_4.txt,1
8171_1.txt,1
6512_3.txt,1
9586_2.txt,1
6410_4.txt,1
5815_1.txt,1
5718_2.txt,1
2873_3.txt,1
3294_3.txt,1
12327_1.txt,1
7860_3.txt,1
1474_4.txt,1
9091_1.txt,1
3739_2.txt,1
5915_4.txt,1
4011_3.txt,1
2891_4.txt,1
5113_4.txt,1
9704_1.txt,1
7322_3.txt,1
12063_1.txt,1
10315_1.txt,1
1362_3.txt,1
11168_1.txt,1
11231_4.txt,1
6803_1.txt,1
7613_2.txt,1
9354_4.txt,1
6635_1.txt,1
11700_4.txt,1
8785_4.txt,1
11394_4.txt,1
1751_4.txt,1
2389_2.txt,1
412_2.txt,1
9112_3.txt,1
10369_4.txt,1
7844_3.txt,1
715_4.txt,1
2830_4.txt,1
3464_2.txt,1
11213_3.txt,1
4627_4.txt,1
6551_4.txt,1
984_3.txt,1
10442_2.txt,1
6597_2.txt,1
7239_4.txt,1
2743_1.txt,1
5682_1.txt,1
95_3.txt,1
11620_4.txt,1
5017_4.txt,1
2193_4.txt,1
5811_4.txt,1
8130_4.txt,1
3606_4.txt,1
6025_4.txt,1
923_4.txt,1
12240_2.txt,1
2281_3.txt,1
12377_1.txt,1
832_4.txt,1
7932_4.txt,1
2383_4.txt,1
7619_4.txt,1
11430_4.txt,1
99_3.txt,1
2986_3.txt,1
1377_2.txt,1
1949_3.txt,1
6888_3.txt,1
11101_4.txt,1
10003_3.txt,1
9086_3.txt,1
8510_4.txt,1
8457_3.txt,1
1483_3.txt,1
6542_3.txt,1
2516_1.txt,1
11200_4.txt,1
10588_1.txt,1
3964_4.txt,1
6910_3.txt,1
11278_4.txt,1
1996_4.txt,1
9530_1.txt,1
11944_2.txt,1
6014_4.txt,1
4898_4.txt,1
9144_4.txt,1
9497_3.txt,1
8631_1.txt,1
2573_4.txt,1
11179_4.txt,1
2536_4.txt,1
3471_3.txt,1
4417_1.txt,1
3593_1.txt,1
4452_1.txt,1
3164_2.txt,1
2593_1.txt,1
10827_4.txt,1
4227_1.txt,1
1441_1.txt,1
2737_1.txt,1
5751_3.txt,1
1419_4.txt,1
8468_1.txt,1
10099_4.txt,1
3378_3.txt,1
5433_1.txt,1
1236_2.txt,1
2980_4.txt,1
2882_3.txt,1
527_2.txt,1
1699_4.txt,1
9125_4.txt,1
2222_1.txt,1
9821_3.txt,1
8966_4.txt,1
9062_3.txt,1
2938_4.txt,1
11571_4.txt,1
6934_3.txt,1
7559_1.txt,1
700_4.txt,1
9381_4.txt,1
389_1.txt,1
2322_4.txt,1
6403_3.txt,1
9840_2.txt,1
11471_1.txt,1
6269_4.txt,1
9182_3.txt,1
8708_1.txt,1
8451_4.txt,1
8243_3.txt,1
2689_3.txt,1
1069_4.txt,1
9429_4.txt,1
7685_4.txt,1
354_4.txt,1
3361_2.txt,1
6995_2.txt,1
2324_2.txt,1
1445_4.txt,1
6110_4.txt,1
6814_3.txt,1
3940_4.txt,1
4824_1.txt,1
2345_3.txt,1
10986_1.txt,1
2918_1.txt,1
564_4.txt,1
11514_1.txt,1
5178_3.txt,1
1402_4.txt,1
7112_4.txt,1
8105_3.txt,1
7256_4.txt,1
809_1.txt,1
6479_3.txt,1
8306_4.txt,1
7667_1.txt,1
3358_4.txt,1
2062_2.txt,1
4511_1.txt,1
3283_2.txt,1
4342_2.txt,1
6249_3.txt,1
951_1.txt,1
9573_4.txt,1
171_2.txt,1
932_2.txt,1
6851_1.txt,1
10921_4.txt,1
3568_4.txt,1
5098_1.txt,1
11553_1.txt,1
3553_2.txt,1
11979_1.txt,1
909_4.txt,1
6370_2.txt,1
7370_2.txt,1
10283_1.txt,1
9243_1.txt,1
2258_1.txt,1
6936_3.txt,1
2285_4.txt,1
7077_4.txt,1
4697_3.txt,1
7097_1.txt,1
1933_2.txt,1
11692_1.txt,1
4596_3.txt,1
4806_4.txt,1
5102_3.txt,1
4359_1.txt,1
4788_1.txt,1
5904_3.txt,1
9263_4.txt,1
11637_4.txt,1
8263_4.txt,1
1271_2.txt,1
4201_1.txt,1
3398_4.txt,1
12070_4.txt,1
2749_4.txt,1
8879_4.txt,1
2925_2.txt,1
3140_1.txt,1
7763_1.txt,1
9300_3.txt,1
3166_2.txt,1
5061_4.txt,1
4061_4.txt,1
10222_1.txt,1
6783_4.txt,1
11455_3.txt,1
1974_1.txt,1
3690_1.txt,1
8146_4.txt,1
3222_2.txt,1
6369_2.txt,1
153_4.txt,1
9986_2.txt,1
7580_3.txt,1
9532_1.txt,1
3529_1.txt,1
6761_3.txt,1
9159_3.txt,1
624_3.txt,1
11838_1.txt,1
8776_4.txt,1
5614_4.txt,1
9432_4.txt,1
8530_3.txt,1
6582_1.txt,1
7308_3.txt,1
810_1.txt,1
4246_2.txt,1
706_1.txt,1
10409_2.txt,1
4556_2.txt,1
8367_4.txt,1
4218_1.txt,1
3708_1.txt,1
4902_4.txt,1
11818_4.txt,1
9927_3.txt,1
9121_3.txt,1
9860_4.txt,1
66_3.txt,1
6193_1.txt,1
4240_4.txt,1
9649_3.txt,1
6706_4.txt,1
2239_1.txt,1
3608_4.txt,1
6372_1.txt,1
8754_3.txt,1
7191_3.txt,1
542_4.txt,1
8186_4.txt,1
8882_3.txt,1
2488_1.txt,1
3794_4.txt,1
3468_4.txt,1
12253_3.txt,1
4207_2.txt,1
11027_4.txt,1
7914_1.txt,1
8473_4.txt,1
1008_2.txt,1
4087_3.txt,1
2807_4.txt,1
2044_4.txt,1
4881_3.txt,1
5456_3.txt,1
9737_4.txt,1
9670_3.txt,1
2769_4.txt,1
9142_4.txt,1
1133_1.txt,1
1913_2.txt,1
9491_3.txt,1
7851_4.txt,1
7057_4.txt,1
816_3.txt,1
8179_2.txt,1
11715_3.txt,1
479_3.txt,1
6390_2.txt,1
7356_4.txt,1
256_4.txt,1
8429_3.txt,1
1567_1.txt,1
4489_4.txt,1
12128_1.txt,1
9979_4.txt,1
1212_4.txt,1
10206_4.txt,1
4494_1.txt,1
4282_2.txt,1
2320_1.txt,1
9864_4.txt,1
8430_2.txt,1
5978_2.txt,1
11219_3.txt,1
834_4.txt,1
8326_4.txt,1
7088_3.txt,1
12404_4.txt,1
2186_3.txt,1
4496_3.txt,1
4841_3.txt,1
6352_1.txt,1
8509_2.txt,1
9633_4.txt,1
3007_3.txt,1
626_4.txt,1
10123_4.txt,1
10166_4.txt,1
7560_3.txt,1
9940_1.txt,1
6389_2.txt,1
11512_1.txt,1
4161_4.txt,1
5026_3.txt,1
7683_4.txt,1
352_4.txt,1
5967_4.txt,1
5609_4.txt,1
9200_3.txt,1
3005_1.txt,1
12049_4.txt,1
1894_4.txt,1
7116_4.txt,1
9942_3.txt,1
1874_1.txt,1
11728_2.txt,1
11555_3.txt,1
2477_2.txt,1
9756_4.txt,1
4961_2.txt,1
7968_4.txt,1
4167_2.txt,1
5947_1.txt,1
7988_1.txt,1
6606_4.txt,1
10046_4.txt,1
86_3.txt,1
9510_3.txt,1
191_3.txt,1
8613_1.txt,1
2514_4.txt,1
9267_4.txt,1
7888_4.txt,1
10146_1.txt,1
2717_3.txt,1
12189_1.txt,1
9064_3.txt,1
8862_1.txt,1
1152_3.txt,1
8844_2.txt,1
1050_4.txt,1
1015_4.txt,1
8557_3.txt,1
12332_4.txt,1
8980_3.txt,1
5242_1.txt,1
328_4.txt,1
7604_4.txt,1
2923_3.txt,1
8938_3.txt,1
2608_3.txt,1
9754_4.txt,1
2694_2.txt,1
9164_4.txt,1
10669_1.txt,1
4710_2.txt,1
2263_1.txt,1
5793_4.txt,1
10595_1.txt,1
10907_1.txt,1
7173_3.txt,1
10942_1.txt,1
9220_4.txt,1
6418_4.txt,1
2553_4.txt,1
5104_3.txt,1
9611_1.txt,1
7809_2.txt,1
5379_2.txt,1
7562_3.txt,1
1976_4.txt,1
4614_3.txt,1
10285_1.txt,1
6438_1.txt,1
3901_4.txt,1
5885_4.txt,1
7350_1.txt,1
10367_3.txt,1
109_4.txt,1
12156_4.txt,1
8733_3.txt,1
1815_2.txt,1
11398_1.txt,1
10980_3.txt,1
1329_4.txt,1
8940_3.txt,1
3099_2.txt,1
2772_4.txt,1
6482_3.txt,1
7538_4.txt,1
11385_4.txt,1
10656_3.txt,1
11343_2.txt,1
350_4.txt,1
6317_3.txt,1
4688_3.txt,1
9383_3.txt,1
3512_1.txt,1
7317_2.txt,1
12137_4.txt,1
6088_1.txt,1
2960_4.txt,1
11140_4.txt,1
8416_3.txt,1
4797_1.txt,1
8597_2.txt,1
1487_3.txt,1
1056_3.txt,1
544_4.txt,1
7444_4.txt,1
5494_3.txt,1
374_4.txt,1
11341_1.txt,1
459_4.txt,1
5533_1.txt,1
6645_1.txt,1
3713_4.txt,1
6130_4.txt,1
1420_4.txt,1
6871_3.txt,1
8823_4.txt,1
9770_4.txt,1
5924_1.txt,1
11025_4.txt,1
7698_4.txt,1
8491_1.txt,1
8319_4.txt,1
566_3.txt,1
8825_2.txt,1
4413_1.txt,1
10650_4.txt,1
10752_3.txt,1
1682_2.txt,1
9343_3.txt,1
2676_4.txt,1
8591_4.txt,1
6547_4.txt,1
9382_4.txt,1
8469_2.txt,1
8753_4.txt,1
332_1.txt,1
3757_3.txt,1
8552_1.txt,1
5794_4.txt,1
1566_4.txt,1
1523_4.txt,1
11435_3.txt,1
4731_1.txt,1
6461_2.txt,1
2264_1.txt,1
5146_3.txt,1
12134_1.txt,1
11734_3.txt,1
1235_2.txt,1
170_2.txt,1
7248_3.txt,1
10163_4.txt,1
10126_4.txt,1
420_3.txt,1
3158_1.txt,1
5711_4.txt,1
9165_2.txt,1
1088_3.txt,1
11262_4.txt,1
1602_1.txt,1
7149_3.txt,1
6312_1.txt,1
1647_1.txt,1
8221_2.txt,1
1929_1.txt,1
9958_4.txt,1
5455_4.txt,1
5084_4.txt,1
8437_1.txt,1
4367_3.txt,1
9947_3.txt,1
8845_4.txt,1
3489_4.txt,1
12077_2.txt,1
7257_4.txt,1
11898_1.txt,1
705_2.txt,1
4728_1.txt,1
7291_3.txt,1
3922_4.txt,1
2161_4.txt,1
8286_4.txt,1
5319_4.txt,1
2515_1.txt,1
6996_3.txt,1
8981_4.txt,1
6817_2.txt,1
10238_2.txt,1
7011_2.txt,1
12389_1.txt,1
764_2.txt,1
8549_3.txt,1
4219_1.txt,1
3183_3.txt,1
5529_4.txt,1
1075_2.txt,1
12296_3.txt,1
894_1.txt,1
9067_4.txt,1
976_3.txt,1
12093_2.txt,1
3490_4.txt,1
5884_3.txt,1
7189_2.txt,1
9819_4.txt,1
12464_1.txt,1
11019_2.txt,1
3413_2.txt,1
12157_3.txt,1
9496_1.txt,1
8024_2.txt,1
7309_3.txt,1
8709_2.txt,1
11384_3.txt,1
6744_2.txt,1
9139_2.txt,1
8677_1.txt,1
682_4.txt,1
2472_3.txt,1
12110_1.txt,1
8102_4.txt,1
2240_1.txt,1
1953_2.txt,1
8596_4.txt,1
6483_4.txt,1
3671_4.txt,1
7913_1.txt,1
12254_3.txt,1
7561_4.txt,1
4652_4.txt,1
8820_2.txt,1
12012_4.txt,1
4984_4.txt,1
1370_4.txt,1
10710_1.txt,1
7050_4.txt,1
581_4.txt,1
6152_3.txt,1
9552_2.txt,1
10279_4.txt,1
1171_1.txt,1
11087_3.txt,1
11242_2.txt,1
782_3.txt,1
3592_1.txt,1
7746_2.txt,1
9244_4.txt,1
11386_3.txt,1
8983_4.txt,1
7876_1.txt,1
9279_4.txt,1
7192_3.txt,1
6192_3.txt,1
10985_2.txt,1
6357_2.txt,1
2517_1.txt,1
7786_2.txt,1
4436_4.txt,1
11282_2.txt,1
6293_3.txt,1
10788_4.txt,1
6135_4.txt,1
9454_1.txt,1
6170_4.txt,1
6072_3.txt,1
8399_4.txt,1
8826_4.txt,1
9167_3.txt,1
5672_1.txt,1
6190_1.txt,1
3417_4.txt,1
8736_2.txt,1
236_3.txt,1
8364_4.txt,1
6605_1.txt,1
10775_4.txt,1
8240_1.txt,1
1376_3.txt,1
9634_4.txt,1
9528_1.txt,1
7373_2.txt,1
9122_2.txt,1
9472_3.txt,1
3280_2.txt,1
9437_3.txt,1
8791_4.txt,1
9693_3.txt,1
11653_3.txt,1
742_2.txt,1
3496_1.txt,1
4123_4.txt,1
5_4.txt,1
498_1.txt,1
5123_4.txt,1
355_4.txt,1
11415_4.txt,1
9490_4.txt,1
2325_2.txt,1
8435_1.txt,1
2732_4.txt,1
6013_3.txt,1
1213_3.txt,1
5532_4.txt,1
9978_3.txt,1
2318_2.txt,1
5430_3.txt,1
10771_1.txt,1
3456_1.txt,1
2456_1.txt,1
10729_4.txt,1
81_3.txt,1
368_4.txt,1
9183_3.txt,1
3734_2.txt,1
9260_4.txt,1
1148_4.txt,1
1237_2.txt,1
295_1.txt,1
189_4.txt,1
4595_3.txt,1
2513_4.txt,1
4805_4.txt,1
4497_4.txt,1
9063_3.txt,1
7837_4.txt,1
4818_1.txt,1
8941_3.txt,1
7115_4.txt,1
7150_4.txt,1
2826_2.txt,1
10755_4.txt,1
1741_4.txt,1
12486_1.txt,1
10307_2.txt,1
3570_3.txt,1
4383_4.txt,1
11983_1.txt,1
11165_4.txt,1
9476_3.txt,1
913_1.txt,1
6309_4.txt,1
12256_4.txt,1
9158_4.txt,1
1270_4.txt,1
4514_3.txt,1
2143_4.txt,1
7314_1.txt,1
5864_1.txt,1
1151_1.txt,1
8120_4.txt,1
2978_4.txt,1
1560_4.txt,1
7172_3.txt,1
4628_3.txt,1
10201_1.txt,1
5378_2.txt,1
3985_4.txt,1
6618_1.txt,1
8006_2.txt,1
7113_2.txt,1
4206_1.txt,1
3716_1.txt,1
12376_4.txt,1
2063_4.txt,1
6393_3.txt,1
7393_3.txt,1
11716_2.txt,1
9755_4.txt,1
6784_4.txt,1
10260_1.txt,1
9307_3.txt,1
917_4.txt,1
11238_4.txt,1
1097_3.txt,1
11181_4.txt,1
2919_4.txt,1
6894_2.txt,1
679_4.txt,1
2415_2.txt,1
4410_3.txt,1
3777_1.txt,1
3569_3.txt,1
799_4.txt,1
1177_3.txt,1
7377_3.txt,1
10340_1.txt,1
10305_1.txt,1
10323_2.txt,1
4495_3.txt,1
744_1.txt,1
458_4.txt,1
1048_4.txt,1
1349_4.txt,1
8126_3.txt,1
2187_1.txt,1
230_1.txt,1
12071_3.txt,1
2556_1.txt,1
8280_4.txt,1
1620_1.txt,1
12136_4.txt,1
8246_2.txt,1
6701_4.txt,1
7395_4.txt,1
1193_2.txt,1
8550_4.txt,1
7017_2.txt,1
1564_1.txt,1
11570_1.txt,1
4631_1.txt,1
26_3.txt,1
6935_4.txt,1
8083_1.txt,1
3657_3.txt,1
7176_4.txt,1
9489_2.txt,1
7089_3.txt,1
9878_1.txt,1
12405_4.txt,1
8508_3.txt,1
10364_2.txt,1
5942_4.txt,1
5101_4.txt,1
502_4.txt,1
11945_4.txt,1
9415_3.txt,1
4488_4.txt,1
6397_4.txt,1
9227_1.txt,1
3824_3.txt,1
251_2.txt,1
4789_4.txt,1
8279_2.txt,1
10415_3.txt,1
11517_4.txt,1
6111_3.txt,1
5320_4.txt,1
7850_4.txt,1
3145_1.txt,1
8305_3.txt,1
6766_1.txt,1
2688_4.txt,1
9340_3.txt,1
686_4.txt,1
5827_4.txt,1
6786_4.txt,1
4285_4.txt,1
10124_3.txt,1
1460_2.txt,1
2431_1.txt,1
5901_3.txt,1
12130_1.txt,1
12289_1.txt,1
12217_2.txt,1
5790_4.txt,1
833_3.txt,1
7799_2.txt,1
565_2.txt,1
7618_3.txt,1
7443_1.txt,1
9428_2.txt,1
9791_2.txt,1
2338_1.txt,1
7578_2.txt,1
8178_3.txt,1
3867_4.txt,1
11145_3.txt,1
10100_3.txt,1
8881_4.txt,1
1855_4.txt,1
6994_4.txt,1
4635_4.txt,1
7404_3.txt,1
12394_1.txt,1
1482_4.txt,1
11791_2.txt,1
3_4.txt,1
9569_3.txt,1
9380_2.txt,1
2004_1.txt,1
539_3.txt,1
9433_1.txt,1
8415_2.txt,1
9668_3.txt,1
7583_4.txt,1
8841_4.txt,1
7849_4.txt,1
1418_3.txt,1
5866_1.txt,1
2981_2.txt,1
9919_4.txt,1
2947_4.txt,1
3492_3.txt,1
9431_3.txt,1
6463_4.txt,1
3240_4.txt,1
1975_4.txt,1
7388_2.txt,1
9102_1.txt,1
563_4.txt,1
